component,s,branch_id,reliable,x,y,c1,c2,r,jacobi_CJ,max_real,n_centre_pairs,omega1,omega2,ratio
Case1-arc,0.0,1,True,-1.748492288276684,1.7925312904477122,-1.2769405650257788,1.313305495476774,2.504075420069686,10.459966702006676,2.2620289564881815,1,1.91495122226252,,
Case1-arc,0.0,2,True,-1.2322314993991836,0.4666462670656157,-1.2769405650257788,1.313305495476774,1.3176316657844234,7.290006105355287,3.00872440705203,1,2.2197364530162473,,
Case1-arc,0.0,3,True,-0.4467900629334512,1.1462248929901953,-1.2769405650257788,1.313305495476774,1.2302247216043343,7.117663975794118,3.1158630414686046,1,2.3136461453760186,,
Case1-arc,0.0,4,True,-0.0330994850175849,-0.0678120183468752,-1.2769405650257788,1.313305495476774,0.07545890100383297,3.63447200725499,7.07692695448591,1,5.024595283537959,,
Case1-arc,0.0,5,True,0.4517376594728745,-0.4682234163989427,-1.2769405650257788,1.313305495476774,0.6506151555645845,2.8352858160907504,0.424449761821447,0,,,
Case1-arc,0.017388839728143,1,True,-1.7387724081129234,1.780755400531448,-1.263457542996337,1.298533626368343,2.488859032516051,10.423182840800102,2.234271132991495,1,1.8977970525727508,,
Case1-arc,0.017388839728143,2,True,-1.2184646243567367,0.4743415308346006,-1.263457542996337,1.298533626368343,1.3075381174877143,7.460236324510973,3.0980789508047972,1,2.279758257312519,,
Case1-arc,0.017388839728143,3,True,-0.4539988459986782,1.135194993719694,-1.263457542996337,1.298533626368343,1.2226130319665285,7.2913182523637765,3.196342168677539,1,2.36519788395527,,
Case1-arc,0.017388839728143,4,True,-0.0804495577766955,-0.0214816787517125,-1.263457542996337,1.298533626368343,0.0832682044267657,4.088635152264582,4.806552712785924,1,3.379796370643446,,
Case1-arc,0.017388839728143,5,True,0.4799624810792439,-0.4878380220619108,-1.263457542996337,1.298533626368343,0.6843609566690818,2.9415799371879396,0.4328709607950654,0,,,
Case1-arc,0.0347776794571169,1,True,-1.729239766202903,1.7691037025062408,-1.2499729567811149,1.283763185122131,2.4738629871597095,10.390832247976867,2.2058337156164747,1,1.880235073409912,,
Case1-arc,0.0347776794571169,2,True,-1.2046658084450472,0.4813265340034728,-1.2499729567811149,1.283763185122131,1.297264407271068,7.639807937397145,3.191088024243318,1,2.341983921244258,,
Case1-arc,0.0347776794571169,3,True,-0.4607126059866899,1.1240154194941971,-1.2499729567811149,1.283763185122131,1.2147702534124563,7.474192950323873,3.2804474505493397,1,2.4189231220563605,,
Case1-arc,0.0347776794571169,4,True,-0.1077557199603654,0.0051974925625246,-1.2499729567811149,1.283763185122131,0.10788099514332536,4.4343510277375096,4.300219008108158,1,2.976445572307298,,
Case1-arc,0.0347776794571169,5,True,0.5066733574656872,-0.5062268245615502,-1.2499729567811149,1.283763185122131,0.7162286569743092,3.0513840824868135,0.4367885031928844,0,,,
Case1-arc,0.0521665191870575,1,True,-1.7199111508202731,1.7575850311168593,-1.2364866968627055,1.2689942720471192,2.45910542846824,10.363167694487885,2.1766779033324894,1,1.8622425377861904,,
Case1-arc,0.0521665191870575,2,True,-1.190876576361542,0.4876249533975182,-1.2364866968627055,1.2689942720471192,1.2868430810718607,7.829334623293382,3.287606480355536,1,2.406227502068238,,
Case1-arc,0.0521665191870575,3,True,-0.4669328259331321,1.1127148846612125,-1.2364866968627055,1.2689942720471192,1.2067148289801182,7.666895006820989,3.368148721686058,1,2.4747455598293047,,
Case1-arc,0.0521665191870575,4,True,-0.1294594759112994,0.0261997195876823,-1.2364866968627055,1.2689942720471192,0.13208399301089246,4.758173320898182,4.034761128039275,1,2.739298610795378,,
Case1-arc,0.0521665191870575,5,True,0.5324413198218053,-0.5237965065149042,-1.2364866968627055,1.2689942720471192,0.746897944361078,3.165139367504886,0.43800323813769915,0,,,
Case1-arc,0.069555358918127,1,True,-1.7108052042629844,1.7462088304197845,-1.222998644002947,1.2542269963993502,2.444606251806074,10.340459806759975,2.146763270677515,1,1.843796015340752,,
Case1-arc,0.069555358918127,2,True,-1.177128714909794,0.4932632783285881,-1.222998644002947,1.2542269963993502,1.2762996016659447,8.029469516801367,3.387539935456166,1,2.4723489628365,,
Case1-arc,0.069555358918127,3,True,-0.4726638545393261,1.1013178221627948,-1.222998644002947,1.2542269963993502,1.1984623752130787,7.870072538123262,3.4594343931033613,1,2.532603055211384,,
Case1-arc,0.069555358918127,4,True,-0.1484322503706754,0.044238652314691,-1.222998644002947,1.2542269963993502,0.1548844450186105,5.077552793547367,3.8607159503390616,1,2.561762097838765,,
Case1-arc,0.069555358918127,5,True,0.5576294985960603,-0.5407968593540269,-1.222998644002947,1.2542269963993502,0.7767959196543663,3.2832395373874723,0.437440272649199,0,,,
Case1-arc,0.0869441986505212,1,True,-1.7019426581460195,1.734985161718862,-1.2095086681028009,1.239461477437282,2.4303872783986025,10.32299817784525,2.116047872183522,1,1.8248715259672408,,
Case1-arc,0.0869441986505212,2,True,-1.1634457424236138,0.4982691909028529,-1.2095086681028009,1.239461477437282,1.265653263009509,8.240908984081479,3.4908377505969472,1,2.5402470721073978,,
Case1-arc,0.0869441986505212,3,True,-0.4779121718847839,1.0898445951001012,-1.2095086681028009,1.239461477437282,1.1900257499333933,8.08441822697378,3.554310166747329,1,2.5924461361173776,,
Case1-arc,0.0869441986505212,4,True,-0.1658884030596118,0.0603766060425647,-1.2095086681028009,1.239461477437282,0.17653412368969146,5.399998634459724,3.732371569008554,1,2.410385769528179,,
Case1-arc,0.0869441986505212,5,True,0.5824888670025717,-0.5573925344726082,-1.2095086681028009,1.239461477437282,0.8062131961632341,3.4060559373355357,0.4356243747128092,0,,,
Case1-arc,0.1043330383844733,1,True,-1.6933466024157484,1.723924697996681,-1.1960166268908403,1.224697845636756,2.4164724455859012,10.31109250613357,2.084488393560145,1,1.8054447150651032,,
Case1-arc,0.1043330383844733,2,True,-1.1498442547316057,0.5026704113337569,-1.1960166268908403,1.224697845636756,1.2549180660783117,8.464396621668861,3.5974856886515494,1,2.6098519217872096,,
Case1-arc,0.1043330383844733,3,True,-0.4826857652063889,1.0783117609595476,-1.1960166268908403,1.224697845636756,1.181415169090256,8.310672978868642,3.652797065072017,1,2.6542357988648444,,
Case1-arc,0.1043330383844733,4,True,-0.1825236044909299,0.0751050550643644,-1.1960166268908403,1.224697845636756,0.19737182041158413,5.7298022075681825,3.6301427583681285,1,2.270019818957932,,
Case1-arc,0.1043330383844733,5,True,0.607204316654695,-0.5736973438807897,-1.1960166268908403,1.224697845636756,0.8353596378446639,3.5339513906716817,0.4328744060521835,0,,,
Case1-arc,0.1217218781202657,1,True,-1.6850427935440448,1.713038699350314,-1.182522364408833,1.2099362440950985,2.4028880126935865,10.305073753539418,2.052040358185999,1,1.7854910776092687,,
Case1-arc,0.1217218781202657,2,True,-1.1363350970697352,0.5064939090148515,-1.182522364408833,1.2099362440950985,1.244103505622273,8.700727492115952,3.7074987427206043,1,2.6811175681282706,,
Case1-arc,0.1217218781202657,3,True,-0.4869936112448816,1.0667323556512476,-1.182522364408833,1.2099362440950985,1.1726383483353215,8.54962986256332,3.7549289283147935,1,2.717940732302345,,
Case1-arc,0.1217218781202657,4,True,-0.1988441364701447,0.0886162503578932,-1.182522364408833,1.2099362440950985,0.2176966477372822,6.0698810745977925,3.54423610915799,1,2.1323087328071773,,
Case1-arc,0.1217218781202657,5,True,0.631919311837164,-0.5897924373757519,-1.182522364408833,1.2099362440950985,0.8643940859691169,3.6672887197787185,0.42939390028013097,0,,,
Case1-arc,0.1391107178582411,1,True,-1.6770600083849665,1.702338962175956,-1.1690257092559928,1.1951768301604329,2.3896627824583314,10.305295313556368,2.018658398063672,1,1.764986238764001,,
Case1-arc,0.1391107178582411,2,True,-1.1229243479472155,0.5097653893849298,-1.1690257092559928,1.1951768301604329,1.2332152461867507,8.95075262121586,3.8209143446504297,1,2.754015001930813,,
Case1-arc,0.1391107178582411,3,True,-0.4908452558084388,1.0551161734005587,-1.1690257092559928,1.1951768301604329,1.1637006507350118,8.802138355897103,3.860749471541639,1,2.783534044623112,,
Case1-arc,0.1391107178582411,4,True,-0.2153196312534943,0.1008579369383982,-1.1690257092559928,1.1951768301604329,0.237770618552021,6.422478773517249,3.469925149161937,1,1.9926586966556643,,
Case1-arc,0.1391107178582411,5,True,0.6567501691665572,-0.6057366746009301,-1.1690257092559928,1.1951768301604329,0.8934414942551607,3.80643643051888,0.42531744393542936,0,,,
Case1-arc,0.1564995575988184,1,True,-1.6694304514390614,1.6918377325493523,-1.15552647254497,1.1804197773303071,2.376828337400445,10.312134178216283,1.9842965986915015,1,1.7439062990717624,,
Case1-arc,0.1564995575988184,2,True,-1.1096141213195996,0.5125089817411085,-1.15552647254497,1.1804197773303071,1.2222556829882916,9.215383790806069,3.9377859769625165,1,2.828525459443502,,
Case1-arc,0.1564995575988184,3,True,-0.494250478345948,1.0434700256604472,-1.15552647254497,1.1804197773303071,1.1546052268186788,9.069108924902503,3.9703089367519784,1,2.850989509702185,,
Case1-arc,0.1564995575988184,4,True,-0.2324974289929773,0.1114637258018117,-1.15552647254497,1.1804197773303071,0.2578356388437525,6.789493261985273,3.4068194200692727,1,1.8509647687035247,,
Case1-arc,0.1564995575988184,5,True,0.6817948619085588,-0.6215728697581172,-1.15552647254497,1.1804197773303071,0.9226034175875635,3.9517727936477964,0.42073619762017256,0,,,
Case1-arc,0.1738883973425115,1,True,-1.66219022484322,1.6815475712615735,-1.1420244455118371,1.1656652774739855,2.3644192898003626,10.32599209207526,1.9489089270917983,1,1.7222282521829557,,
Case1-arc,0.1738883973425115,2,True,-1.096403202980915,0.514747069011942,-1.1420244455118371,1.1656652774739855,1.2112243923250532,9.49559867070541,4.058177097521529,1,2.90463396410277,,
Case1-arc,0.1738883973425115,3,True,-0.4972190284954544,1.0317979674645636,-1.1420244455118371,1.1656652774739855,1.1453531367931762,9.351517972846608,4.083660323326913,1,2.920277292719695,,
Case1-arc,0.1738883973425115,4,True,-0.2511015191919807,0.1195509902182296,-1.1420244455118371,1.1656652774739855,0.27810863381542095,7.172674033341452,3.361345816224837,1,1.7175821380148044,,
Case1-arc,0.1738883973425115,5,True,0.7071387376196199,-0.6373316945458085,-1.1420244455118371,1.1656652774739855,0.9519647488824895,4.1036889805380845,0.4157127532118341,0,,,
Case1-arc,0.1912772370899549,1,True,-1.655379872388215,1.671481154089021,-1.1285193967087346,1.1509135434456657,2.3524735429719055,10.347296681216548,1.912449751246965,1,1.6999304824702404,,
Case1-arc,0.1912772370899549,2,True,-1.0832875399930375,0.5165002146830674,-1.1285193967087346,1.1509135434456657,1.200118480014295,9.792446344732348,4.182155217394869,1,2.9823229130558646,,
Case1-arc,0.1912772370899549,3,True,-0.4997604220045121,1.020101483138398,-1.1285193967087346,1.1509135434456657,1.1359434472293448,9.650413207242517,4.200855131542254,1,2.9913590589606005,,
Case1-arc,0.1912772370899549,4,True,-0.2719279704094643,0.1235211602823085,-1.1285193967087346,1.1509135434456657,0.2986675377882542,7.57380149965986,3.352861173647144,1,1.627926913598172,,
Case1-arc,0.1912772370899549,5,True,0.7328584040825995,-0.6530341712220956,-1.1285193967087346,1.1509135434456657,0.9815982218903129,4.26259163087778,0.4102901791745467,0,,,
Case1-arc,0.2086660768419384,1,True,-1.6490450114041912,1.6616509858404556,-1.1150110686905037,1.1361648121723689,2.3410325602993236,10.376502546464765,1.8748744570779252,1,1.6769933484480748,,
Case1-arc,0.2086660768419384,2,True,-1.0702606010222444,0.517787153733902,-1.1150110686905037,1.1361648121723689,1.1889328369055803,10.107053300798961,4.309785928149134,1,3.0615654693813665,,
Case1-arc,0.2086660768419384,3,True,-0.5018837845492764,1.0083796252213015,-1.1150110686905037,1.1361648121723689,1.1263732959170139,9.966919488368733,4.321938505890353,1,3.0641823112810616,,
Case1-arc,0.2086660768419384,4,True,-0.2949183517082044,0.1218753969535757,-1.1150110686905037,1.1361648121723689,0.3191088318377851,7.994903114199325,3.41213269509921,1,1.6431746728888514,,
Case1-arc,0.2086660768419384,5,True,0.7590244847467739,-0.6686932704248422,-1.1150110686905037,1.1361648121723689,1.0115675253568477,4.428905086951359,0.40449772573396486,0,,,
Case1-arc,0.2260549165994488,1,True,-1.6432370696486762,1.6520690001910077,-1.1014991740844704,1.1214193483214103,2.3301416369954175,10.414092313304911,1.8361401654023097,1,1.6533998553947646,,
Case1-arc,0.2260549165994488,2,True,-1.0573136223748365,0.5186248235592512,-1.1014991740844704,1.1214193483214103,1.1776603091177282,10.44062997593106,4.441126640312707,1,3.1423184744659207,,
Case1-arc,0.2260549165994488,3,True,-0.5035977334310052,0.9966291010009528,-1.1014991740844704,1.1214193483214103,1.1166379189687288,10.302245244354879,4.446943613546084,1,3.1386737354428313,,
Case1-arc,0.2260549165994488,4,True,-0.3181938472915103,0.115559028255281,-1.1014991740844704,1.1214193483214103,0.338528009868427,8.438358298777484,3.547308218979807,1,1.7779428087882936,,
Case1-arc,0.2260549165994488,5,True,0.785703656936879,-0.6843149104831544,-1.1014991740844704,1.1214193483214103,1.0419295241202988,4.60307345474064,0.3983545207252359,0,,,
Case1-arc,0.2434437563637345,1,True,-1.6380141486726498,1.642746008837916,-1.087983390903935,1.106677448679677,2.319850167748919,10.460577637488665,1.7962065454708007,1,1.629136416593853,,
Case1-arc,0.2434437563637345,2,True,-1.0444357502594914,0.5190284177281066,-1.087983390903935,1.106677448679677,1.1662917880313866,10.79447797661154,4.576219758726606,1,3.22451454202745,,
Case1-arc,0.2434437563637345,3,True,-0.5049102886711542,0.9848443003165738,-1.087983390903935,1.106677448679677,1.1067306336557374,10.657689568190417,4.575885033227383,1,3.214731251048589,,
Case1-arc,0.2434437563637345,4,True,-0.3398611640426031,0.1073254330882208,-1.087983390903935,1.106677448679677,0.356404769064567,8.90667702515528,3.730085294421128,1,1.9741231106027939,,
Case1-arc,0.2434437563637345,5,True,0.8129602287846837,-0.6998985344464255,-1.087983390903935,1.106677448679677,1.0727358911241385,4.785562615688941,0.3918720056342401,0,,,
Case1-arc,0.260832596136378,1,True,-1.6334420409465205,1.6336909525049523,-1.0744633569288524,1.0919394474125452,2.310211901412525,10.516500176499896,1.7550367130314797,1,1.6041936967800172,,
Case1-arc,0.260832596136378,2,True,-1.031614084753426,0.5190114504923624,-1.0744633569288524,1.0919394474125452,1.154816221571136,11.169998137004324,4.715084973728331,1,3.3080529239454886,,
Case1-arc,0.260832596136378,3,True,-0.5058288065357327,0.9730172562146036,-1.0744633569288524,1.0919394474125452,1.0966427688234484,11.034650154980495,4.708750853968495,1,3.292214359048348,,
Case1-arc,0.260832596136378,4,True,-0.3594612274058356,0.0989670922509878,-1.0744633569288524,1.0919394474125452,0.37283623664650056,9.402280682706124,3.9333698702561044,1,2.1836102752314734,,
Case1-arc,0.260832596136378,5,True,0.8408574216862349,-0.7154373707264943,-1.0744633569288524,1.0919394474125452,1.104034345044058,4.976862300214899,0.38505554929806185,0,,,
Case1-arc,0.2782214359194132,1,True,-1.629595435906451,1.6249098919890457,-1.0609386629285975,1.0772057224169374,2.3012851717705454,10.582432555050396,1.7125981886521524,1,1.5785675232891907,,
Case1-arc,0.2782214359194132,2,True,-1.0188336251140937,0.5185858236111116,-1.0609386629285975,1.0772057224169374,1.14322054395184,11.56869963797348,4.857710280292382,1,3.3927886353168595,,
Case1-arc,0.2782214359194132,3,True,-0.5063599299529994,0.9611375264280406,-1.0609386629285975,1.0772057224169374,1.0863635318668512,11.434632299042404,4.845493082211881,1,3.3709322300947155,,
Case1-arc,0.2782214359194132,4,True,-0.3772493474735293,0.0911162937153196,-1.0609386629285975,1.0772057224169374,0.3880969584390221,9.92752379142891,4.144785931809381,1,2.389151219666276,,
Case1-arc,0.2782214359194132,6,True,-0.2782380362958908,0.2641523458597027,-1.0609386629285975,1.0772057224169374,0.38365722548256204,9.872539705156877,2.359106355480164,0,,,
Case1-arc,0.2782214359194132,7,True,-0.1947319035473876,0.2917312316483738,-1.0609386629285975,1.0772057224169374,0.35075294122539613,9.87811902715136,3.6858463400876924,1,1.6858428806869912,,
Case1-arc,0.2782214359194132,5,True,0.8694584735302029,-0.730918439809423,-1.0609386629285975,1.0772057224169374,1.1358696240532675,5.177488338631564,0.3779055011386643,0,,,
Case1-arc,0.2956102757154697,1,True,-1.6265593609133862,1.6164046586910612,-1.0474088444377567,1.0624767030448332,2.2931330914740053,10.658979380462627,1.6688638754375709,1,1.5522598397326388,,
Case1-arc,0.2956102757154697,2,True,-1.0060771091292144,0.5177618896586804,-1.0474088444377567,1.0624767030448332,1.1314895155929305,11.992210496326853,5.004041239058375,1,3.478519174852236,,
Case1-arc,0.2956102757154697,3,True,-0.5065095516656887,0.949191978034292,-1.0474088444377567,1.0624767030448332,1.0758797967678493,11.859259258104686,4.98601581482191,1,3.4506287692987496,,
Case1-arc,0.2956102757154697,4,True,-0.3935834201285054,0.083910212808563,-1.0474088444377567,1.0624767030448332,0.4024286674848474,10.484782868038803,4.360251777645068,1,2.5874977014743066,,
Case1-arc,0.2956102757154697,6,True,-0.3029895885025306,0.2758293599921402,-1.0474088444377567,1.0624767030448332,0.409737143269446,10.405151807866622,2.3310871099593666,0,,,
Case1-arc,0.2956102757154697,7,True,-0.1750465237214685,0.3109170169421424,-1.0474088444377567,1.0624767030448332,0.3568062175623781,10.426193735082501,4.026041574403405,1,2.1195923261737097,,
Case1-arc,0.2956102757154697,5,True,0.8988276483268626,-0.7463223407510357,-1.0474088444377567,1.0624767030448332,1.1682842880484627,5.387985225045678,0.37041784235174424,0,,,
Case1-arc,0.3129991155279827,1,True,-1.624430918183735,1.6081710593551883,-1.0338733717107316,1.04775287955598,2.2858236948852464,10.746778405123708,1.6238129935471375,1,1.5252796635610948,,
Case1-arc,0.3129991155279827,2,True,-0.9933247304513484,0.5165485078362619,-1.0338733717107316,1.04775287955598,1.119605457772564,12.442289857982985,5.1539678476276425,1,3.5649679516203556,,
Case1-arc,0.3129991155279827,3,True,-0.5062827873620691,0.9371644491777892,-1.0338733717107316,1.04775287955598,1.065175790929279,12.31028441780126,5.130160433140014,1,3.530963587514426,,
Case1-arc,0.3129991155279827,4,True,-0.4087632101424257,0.0773284335989843,-1.0338733717107316,1.04775287955598,0.4160132793659517,11.076520616007349,4.5789520990364965,1,2.7796223630181984,,
Case1-arc,0.3129991155279827,6,True,-0.3242709614601536,0.2909332691942479,-1.0338733717107316,1.04775287955598,0.4356533295756445,10.963719071553768,2.4225388749161736,0,,,
Case1-arc,0.3129991155279827,7,True,-0.1608529799201439,0.3270913325630834,-1.0338733717107316,1.04775287955598,0.36450297802224313,11.009094309751417,4.314238571474935,1,2.427639640670468,,
Case1-arc,0.3129991155279827,5,True,0.929031221970468,-0.7616228303126337,-1.0338733717107316,1.04775287955598,1.2013194192425958,5.608929166043384,0.3625845293132376,0,,,
Case1-arc,0.3303879553614873,1,True,-1.62332139991638,1.600196496789586,-1.0203316373667173,1.0330348147697253,2.2794300155442673,10.846501993569227,1.5774318814624206,1,1.4976439928051144,,
Case1-arc,0.3303879553614873,2,True,-0.980553706157898,0.5149530896657081,-1.0203316373667173,1.0330348147697253,1.1075478568514538,12.920842707778561,5.307308173098908,1,3.651763190630123,,
Case1-arc,0.3303879553614873,3,True,-0.5056839576215827,0.9250352489574888,-1.0203316373667173,1.0330348147697253,1.054232648332269,12.789605871314498,5.277686773957348,1,3.6114873509687238,,
Case1-arc,0.3303879553614873,4,True,-0.423017586900176,0.0713092955102145,-1.0203316373667173,1.0330348147697253,0.42898589073885757,11.70532784908156,4.801244789714341,1,2.967437963601076,,
Case1-arc,0.3303879553614873,6,True,-0.3448547155511958,0.3083844464712648,-1.0203316373667173,1.0330348147697253,0.4626291621410009,11.549524671629385,2.493906344202587,0,,,
Case1-arc,0.3303879553614873,7,True,-0.1493613029518862,0.3416436833793466,-1.0203316373667173,1.0330348147697253,0.3728662028295034,11.629022655503755,4.582248681338159,1,2.686102512553316,,
Case1-arc,0.3303879553614873,5,True,0.9601385073846964,-0.7767861904658337,-1.0203316373667173,1.0330348147697253,1.2350152788776887,5.840931841904244,0.35439358090691064,0,,,
Case1-arc,0.3477767952220379,1,True,-1.6233588938182593,1.5924568237118415,-1.006782941081792,1.018323158537207,2.27403008632807,10.958859138586618,1.5297145405674364,1,1.4693785892790014,,
Case1-arc,0.3477767952220379,2,True,-0.9677376502018804,0.5129816330587466,-1.006782941081792,1.018323158537207,1.0952927989692416,13.429937867593758,5.46378756820601,1,3.7384105732230903,,
Case1-arc,0.3477767952220379,3,True,-0.5047165795832125,0.9127804369624036,-1.006782941081792,1.018323158537207,1.0430277809375232,13.299284292465313,5.4282487794842975,1,3.691609275911324,,
Case1-arc,0.3477767952220379,4,True,-0.4365197209276773,0.0657864567695723,-1.006782941081792,1.018323158537207,0.44144911898549766,12.373955504642254,5.027885740483346,1,3.1528580429024453,,
Case1-arc,0.3477767952220379,6,True,-0.3657955554208359,0.3279779571349795,-1.006782941081792,1.018323158537207,0.49130024295950875,12.163682931439137,2.5503156130251696,0,,,
Case1-arc,0.3477767952220379,7,True,-0.1395745052771443,0.355125243004583,-1.006782941081792,1.018323158537207,0.381569103495584,12.288475877805235,4.841429542320349,1,2.919085830210518,,
Case1-arc,0.3477767952220379,5,True,0.9922229831585178,-0.7917703637028182,-1.006782941081792,1.018323158537207,1.2694119729804352,6.084645189729191,0.3458289303349716,0,,,
Case1-arc,0.3651656351178129,1,True,-1.6246915339712733,1.5849121851578325,-0.9932264704728214,1.003618665863467,2.269706856671078,11.084598394291621,1.4806627607489675,1,1.4405185472184634,,
Case1-arc,0.3651656351178129,2,True,-0.9548456837763504,0.5106387444248797,-0.9932264704728214,1.003618665863467,1.082812175372139,13.971830531264724,5.623011788369134,1,3.8242570650628664,,
Case1-arc,0.3651656351178129,3,True,-0.5033833723326663,0.900370793111876,-0.9932264704728214,1.003618665863467,1.0315339958672793,13.841565365243405,5.581362421747243,1,3.770553420842295,,
Case1-arc,0.3651656351178129,4,True,-0.4494027002852811,0.06069943733905,-0.9932264704728214,1.003618665863467,0.45348341614328025,13.085344500127972,5.259749600983115,1,3.33757618282777,,
Case1-arc,0.3651656351178129,6,True,-0.3876567630227062,0.3497376190785141,-0.9932264704728214,1.003618665863467,0.5221055143512184,12.807251006644664,2.5946672832787074,0,,,
Case1-arc,0.3651656351178129,7,True,-0.1309947062423572,0.3678338730654075,-0.9932264704728214,1.003618665863467,0.3904630216010471,12.990182092325423,5.097577055853093,1,3.137799124577729,,
Case1-arc,0.3651656351178129,5,True,1.025363597351583,-0.806523817689985,-0.9932264704728214,1.003618665863467,1.3045501812023206,6.340767634605352,0.33687003574355556,0,,,
Case1-arc,0.3825544750600071,1,True,-1.6274916132457893,1.5775015174061755,-0.979661277024218,0.988922219799201,2.266548033597384,11.224512268836364,1.430285621951876,1,1.4111085406754662,,
Case1-arc,0.3825544750600071,2,True,-0.9418411754060616,0.507927650163121,-0.979661277024218,0.988922219799201,1.0700725664600985,14.54899113714913,5.7844315340557655,1,3.9084421062597836,,
Case1-arc,0.3825544750600071,3,True,-0.5016862851178794,0.8877703385894935,-0.979661277024218,0.988922219799201,1.0197182467498962,14.418908599472807,5.73636256454923,1,3.8472986162654608,,
Case1-arc,0.3825544750600071,4,True,-0.4617712940625393,0.0559957664688968,-0.979661277024218,0.988922219799201,0.4651540109282423,13.842658358592523,5.497735663640763,1,3.5230547556472516,,
Case1-arc,0.3825544750600071,6,True,-0.4106291390617501,0.3735994458326722,-0.979661277024218,0.988922219799201,0.5551511828079572,13.481377715679262,2.631836263629613,0,,,
Case1-arc,0.3825544750600071,7,True,-0.1233287180395688,0.3799573021483395,-0.979661277024218,0.988922219799201,0.3994715561202425,13.737100026774606,5.354255433172443,1,3.3485549836732416,,
Case1-arc,0.3825544750600071,5,True,1.0596463328984715,-0.820984078734497,-0.979661277024218,0.988922219799201,1.3404720095401876,6.610052360813391,0.32749121771300305,0,,,
Case1-arc,0.3999433150641564,1,True,-1.6319608616573156,1.5701352437638885,-0.9660862454970036,0.9742348606312424,2.264645874676827,11.379443865881946,1.378598123279165,1,1.3812026351892217,,
Case1-arc,0.3999433150641564,2,True,-0.9286799419922448,0.5048502019130431,-0.9660862454970036,0.9742348606312424,1.0570336612569913,15.16414319696926,5.9472946658470995,1,3.9898302473688214,,
Case1-arc,0.3999433150641564,3,True,-0.4996265666344841,0.8749341852326126,-0.9660862454970036,0.9742348606312424,1.0075398426740345,15.03402520658914,5.892343553143436,1,3.920493823710704,,
Case1-arc,0.3999433150641564,4,True,-0.4737102786844976,0.0516305077382406,-0.9660862454970036,0.9742348606312424,0.47651562142352993,14.649322715921507,5.742745202041768,1,3.710568791315689,,
Case1-arc,0.3999433150641564,6,True,-0.434258345412187,0.3989582116338276,-0.9660862454970036,0.9742348606312424,0.5897015899505378,14.187642120740005,2.672150542757823,0,,,
Case1-arc,0.3999433150641564,7,True,-0.1163853842118645,0.3916261135017163,-0.9660862454970036,0.9742348606312424,0.40855424417646485,14.532440947155006,5.613952090175245,1,3.5553767505327323,,
Case1-arc,0.3999433150641564,5,True,1.0951661444985896,-0.835075844070312,-0.9660862454970036,0.9742348606312424,1.3772220407057278,6.89331845109986,0.3176606604433576,0,,,
Case1-arc,0.4173321551521555,1,True,-1.6383373224475473,1.5626855158687631,-0.952500054675045,0.9595578234864168,2.2640969951904935,11.550296912487799,1.325618653879367,1,1.350863558127477,,
Case1-arc,0.4173321551521555,2,True,-0.915307638855613,0.5014068860217775,-0.952500054675045,0.9595578234864168,1.0436459836062673,15.820313925223067,6.110580220850007,1,4.066915784287038,,
Case1-arc,0.4173321551521555,3,True,-0.4972049108898643,0.8618053456730936,-0.952500054675045,0.9595578234864168,0.9949478263927803,15.68992898566432,6.048075109343058,1,3.988335391198148,,
Case1-arc,0.4173321551521555,4,True,-0.4852903265077232,0.0475650837493802,-0.952500054675045,0.9595578234864168,0.48761576901701825,15.509076234949266,5.995688181541568,1,3.90125947558876,,
Case1-arc,0.4173321551521555,6,True,-0.4570956001394544,0.4241905910654538,-0.952500054675045,0.9595578234864168,0.6235976629328457,14.928663846198488,2.7304691290183474,0,,,
Case1-arc,0.4173321551521555,7,True,-0.1100308842748242,0.4029380989849587,-0.952500054675045,0.9595578234864168,0.41769116235313397,15.379706812374645,5.878584749654483,1,3.7610806995051753,,
Case1-arc,0.4173321551521555,5,True,1.13202941182186,-0.8487085415538346,-0.952500054675045,0.9595578234864168,1.4148486766209958,7.191466059780934,0.3073389710557569,0,,,
Case1-arc,0.434720995355366,1,True,-1.646904442006953,1.5549730530136614,-0.938901126461563,0.9448925873136867,2.2650023039063027,11.738050807220123,1.271365001776858,1,1.3201613633042144,,
Case1-arc,0.434720995355366,2,True,-0.9016558866773576,0.4975968605195777,-0.938901126461563,0.9448925873136867,1.0298475487075123,16.520903379210043,6.272904720343648,1,4.137683757588376,,
Case1-arc,0.434720995355366,4,True,-0.4965722722250846,0.0437660308247503,-0.938901126461563,0.9448925873136867,0.4984972286752821,16.42603878907311,6.257503981283265,1,4.096185696231281,,
Case1-arc,0.434720995355366,3,True,-0.4944217494970572,0.8483098727032798,-0.938901126461563,0.9448925873136867,0.9818770322711422,16.39000613480758,6.201879363844012,1,4.0483829497006365,,
Case1-arc,0.434720995355366,6,True,-0.4771530974798644,0.4470698241522139,-0.938901126461563,0.9448925873136867,0.6538704046690907,15.70868419556408,2.815093563389029,0,,,
Case1-arc,0.434720995355366,7,True,-0.104166297008069,0.4139711793212643,-0.938901126461563,0.9448925873136867,0.42687557290270384,16.282746645167677,6.149764820349214,1,3.9678028427677465,,
Case1-arc,0.434720995355366,5,True,1.170357104762766,-0.8617731450967191,-0.938901126461563,0.9448925873136867,1.4534058986664995,7.505497272945194,0.29647712819691063,0,,,
Case1-arc,0.4521098357195363,1,True,-1.6580032560703144,1.5467491632572905,-0.9252875591080232,0.9302409394644244,2.2674672591190577,11.943783036768355,1.215848626950394,1,1.2891715287751366,,
Case1-arc,0.4521098357195363,2,True,-0.8876363537927157,0.4934180710039969,-0.9252875591080232,0.9302409394644244,1.0155588064547185,17.26978071621844,6.432384753180273,1,4.199400357403968,,
Case1-arc,0.4521098357195363,4,True,-0.5076103296352741,0.0402038682128073,-0.9252875591080232,0.9302409394644244,0.5091999585346648,17.404805103915713,6.52919139826678,1,4.296372794784522,,
Case1-arc,0.4521098357195363,6,True,-0.493231627585352,0.4662145082498944,-0.9252875591080232,0.9302409394644244,0.678699790889305,16.53348075439237,2.9199713568563093,0,,,
Case1-arc,0.4521098357195363,3,True,-0.4912778322588272,0.834349190441707,-0.9252875591080232,0.9302409394644244,0.9682419532635756,17.13811300245166,6.35144405706182,1,4.097271982166685,,
Case1-arc,0.4521098357195363,7,True,-0.0987151241282787,0.4247910676113458,-0.9252875591080232,0.9302409394644244,0.436110223285408,17.24583722458666,6.428956495074405,1,4.177290005930117,,
Case1-arc,0.4521098357195363,5,True,1.2102889303160265,-0.8741379642080174,-0.9252875591080232,0.9302409394644244,1.492955617329346,7.836545020756933,0.28501355041257337,0,,,
Case1-arc,0.4694986763127233,1,True,-1.6720489354346857,1.5376707747211755,-0.9116570385276784,0.9156050619763793,2.2716027500247233,12.168702354627928,1.1590670721516194,1,1.257972753404282,,
Case1-arc,0.4694986763127233,2,True,-0.8731313764088683,0.4888675609689295,-0.9116570385276784,0.9156050619763793,1.000674718696018,18.07142078471283,6.58642762515197,1,4.2482839547119955,,
Case1-arc,0.4694986763127233,4,True,-0.5184546518615314,0.0368521116638535,-0.9116570385276784,0.9156050619763793,0.5197627383440899,18.45057570390613,6.811847983894316,1,4.502861216796538,,
Case1-arc,0.4694986763127233,6,True,-0.5053454563153594,0.4816359790292496,-0.9116570385276784,0.9156050619763793,0.6981026045747448,17.409744302985505,3.0333648933963326,0,,,
Case1-arc,0.4694986763127233,3,True,-0.4877753984316726,0.8197874458470668,-0.9116570385276784,0.9156050619763793,0.953926776898329,17.938715839125173,6.493525384484114,1,4.13024271046229,,
Case1-arc,0.4694986763127233,7,True,-0.0936157702262202,0.4354562987725344,-0.9116570385276784,0.9156050619763793,0.4454055461887775,18.27379825885338,6.717589822013821,1,4.391081557238006,,
Case1-arc,0.4694986763127233,5,True,1.2519888382399949,-0.8856429887978884,-0.9116570385276784,0.9156050619763793,1.53357085088508,8.185913460223382,0.27286984554332994,0,,,
Case1-arc,0.4868875172384115,1,True,-1.6895534818414268,1.5272650777815286,-0.8980067188763096,0.9009876485564404,2.277527076856279,12.414197674705644,1.1009948227338922,1,1.2266452035886373,,
Case1-arc,0.4868875172384115,2,True,-0.8579783900920497,0.4839422464902166,-0.8980067188763096,0.9009876485564404,0.9850517833103714,18.931101845271954,6.731397671226645,1,4.278963246519559,,
Case1-arc,0.4868875172384115,4,True,-0.5291535133931766,0.0336864096622812,-0.8980067188763096,0.9009876485564404,0.5302246834430455,19.569342667519876,7.106721542049031,1,4.716759229335171,,
Case1-arc,0.4868875172384115,6,True,-0.5140486028401472,0.4940735003247192,-0.8980067188763096,0.9009876485564404,0.7129898946023202,18.344719173125508,3.1463242535492544,0,,,
Case1-arc,0.4868875172384115,3,True,-0.483920627002364,0.804429422572601,-0.8980067188763096,0.9009876485564404,0.9387682723328741,18.797095186047937,6.6234476288329045,1,4.140319733976258,,
Case1-arc,0.4868875172384115,7,True,-0.0888166810970409,0.4460218939154434,-0.8980067188763096,0.9009876485564404,0.45477899324068666,19.37215763468088,7.017156933323774,1,4.6106397148620655,,
Case1-arc,0.4868875172384115,5,True,1.2956524209022082,-0.896092156731186,-0.8980067188763096,0.9009876485564404,1.5753400741252352,8.555134831048418,0.25994450329726865,0,,,
Case1-arc,0.5042763586577794,1,True,-1.7111570305093515,1.5148783990151982,-0.8843330593075313,0.8863920657820972,2.2853697615187856,12.681910010622412,1.041574110255295,1,1.1952710230140944,,
Case1-arc,0.5042763586577794,2,True,-0.841942527727642,0.4786408240612064,-0.8843330593075313,0.8863920657820972,0.9684855489135612,19.85519822074751,6.862054374148926,1,4.283530020268146,,
Case1-arc,0.5042763586577794,4,True,-0.5397553259825234,0.0306837655426501,-0.8843330593075313,0.8863920657820972,0.540626770882072,20.76815650729371,7.415279035055482,1,4.939305093959653,,
Case1-arc,0.5042763586577794,6,True,-0.519848495637494,0.5044253021591977,-0.8843330593075313,0.8863920657820972,0.7243530519539236,19.346325817012694,3.2529637066008106,0,,,
Case1-arc,0.5042763586577794,3,True,-0.4797290767237858,0.7879789708761592,-0.8843330593075313,0.8863920657820972,0.922524170738798,19.71965301416821,6.734197225243059,1,4.116767631271436,,
Case1-arc,0.5042763586577794,7,True,-0.0842729796642965,0.4565423548287919,-0.8843330593075313,0.8863920657820972,0.464255163519069,20.547390451190633,7.329309749199527,1,4.83745941217958,,
Case1-arc,0.5042763586577794,5,True,1.3415169781998,-0.9052425718614844,-0.8843330593075313,0.8863920657820972,1.618373231584333,8.946050214394145,0.24610323475633988,0,,,
Case1-arc,0.5216652008287299,1,True,-1.7376708190721275,1.499600870692452,-0.8706315970673056,0.8718225792985592,2.295278337552193,12.973838502860517,0.9807103094077064,1,1.163941320499916,,
Case1-arc,0.5216652008287299,2,True,-0.824664547712065,0.4729686138014245,-0.8706315970673056,0.8718225792985592,0.9506686730372395,20.851625338458103,6.970539020447829,1,4.249752823346894,,
Case1-arc,0.5216652008287299,4,True,-0.5503106694291856,0.0278218059328506,-0.8706315970673056,0.8718225792985592,0.5510135077953748,22.055514457435542,7.7393011347801455,1,5.171945849035858,,
Case1-arc,0.5216652008287299,6,True,-0.5229445185003306,0.5136489417176298,-0.8706315970673056,0.8718225792985592,0.7330117357567911,20.423553220227195,3.3481085125663723,0,,,
Case1-arc,0.5216652008287299,3,True,-0.4752389113706359,0.7699523159834799,-0.8706315970673056,0.8718225792985592,0.9048085939960294,20.71439123551298,6.814615378998916,1,4.041860320614589,,
Case1-arc,0.5216652008287299,7,True,-0.0799439622368557,0.4670744297097591,-0.8706315970673056,0.8718225792985592,0.4738666056885888,21.807268204215372,7.6559744606513185,1,5.073178041599881,,
Case1-arc,0.5216652008287299,5,True,1.3898753737866243,-0.9127891477708744,-0.8706315970673056,0.8718225792985592,1.6628101463927827,9.36092542230697,0.23116355190691687,0,,,
Case1-arc,0.5390540441765532,1,True,-1.7701344851510032,1.4801543909957655,-0.8568966262043232,0.8572846777427472,2.307429980888879,13.292497500648054,0.9182850661158255,1,1.1327794741707193,,
Case1-arc,0.5390540441765532,2,True,-0.8055510286584517,0.4669508097728312,-0.8568966262043232,0.8572846777427472,0.9311044616584073,21.93054150265956,7.044376234267007,1,4.157350669623313,,
Case1-arc,0.5390540441765532,4,True,-0.5608745158461581,0.0250780566497093,-0.8568966262043232,0.8572846777427472,0.5614348862076424,23.44193309636239,8.081015092399298,1,5.416442793233497,,
Case1-arc,0.5390540441765532,6,True,-0.52296811854366,0.5230540039234735,-0.8568966262043232,0.8572846777427472,0.7396493385608295,21.586977740294074,3.500647378251726,0,,,
Case1-arc,0.5390540441765532,3,True,-0.4705479041307614,0.7494682057132013,-0.8568966262043232,0.8572846777427472,0.8849395015800897,21.79169916686108,6.84525320993673,1,3.8830087954766577,,
Case1-arc,0.5390540441765532,7,True,-0.0757910750355952,0.4776799896494206,-0.8568966262043232,0.8572846777427472,0.4836553106981477,23.161374850568393,7.999499722501491,1,5.3197025091555386,,
Case1-arc,0.5390540441765532,5,True,1.4410953528717243,-0.9183422317611336,-0.8568966262043232,0.8572846777427472,1.7088324290884986,9.802619331709398,0.21486879493094763,0,,,
Case1-arc,0.5564428894268889,1,True,-1.809885393828791,1.4547289133133334,-0.8431207331284328,0.8427855474135757,2.322051108400629,13.641151309152315,0.8542233532879208,1,1.1020039757545954,,
Case1-arc,0.5564428894268889,2,True,-0.783505371517372,0.4606739431716937,-0.8431207331284328,0.8427855474135757,0.9089010667360513,23.10551650282043,7.062015869367121,1,3.969029001965309,,
Case1-arc,0.5564428894268889,4,True,-0.5715088514371022,0.022429188518524,-0.8431207331284328,0.8427855474135757,0.5719488051989926,24.94080594977512,8.443285717643194,1,5.675018729664577,,
Case1-arc,0.5564428894268889,6,True,-0.5181375621778882,0.5354907764030471,-0.8431207331284328,0.8427855474135757,0.7451287841389455,22.849264689031713,4.434041958161232,0,,,
Case1-arc,0.5564428894268889,3,True,-0.4659446223049088,0.7246014604002669,-0.8431207331284328,0.8427855474135757,0.8614822502344802,22.965783447975536,6.786477044755157,1,3.5681906840181443,,
Case1-arc,0.5564428894268889,7,True,-0.0717761219133251,0.4884293437876483,-0.8431207331284328,0.8427855474135757,0.49367503030814636,24.621880212959415,8.362861410207326,1,5.579373239488794,,
Case1-arc,0.5564428894268889,5,True,1.4956468370071776,-0.9213941875991584,-0.8431207331284328,0.8427855474135757,1.7566805941864012,10.274831995015656,0.19684117333941356,0,,,
Case1-arc,0.5738317378668912,1,True,-1.858615666082396,1.420765748416153,-0.8292941094784501,0.8283347863183893,2.339450257235537,14.024169096788796,0.7887122760450923,1,1.0720848893610944,,
Case1-arc,0.5738317378668912,2,True,-0.7560917655879599,0.4544506338269755,-0.8292941094784501,0.8283347863183893,0.882156526119746,24.395673179502186,6.980882066803256,1,3.603595415089735,,
Case1-arc,0.5738317378668912,4,True,-0.5822859588418713,0.0198501976469605,-0.8292941094784501,0.8283347863183893,0.5826242083976779,26.569711524519338,8.829896190206446,1,5.95057052269588,,
Case1-arc,0.5738317378668912,6,True,-0.5016980701224324,0.5615670446203149,-0.8292941094784501,0.8283347863183893,0.7530328672562493,24.224453712262918,5.02769069948209,0,,,
Case1-arc,0.5738317378668912,3,True,-0.4626768212913416,0.68911292459202,-0.8292941094784501,0.8283347863183893,0.8300279897690361,24.257939189733644,6.524345411597462,1,2.8574635899491114,,
Case1-arc,0.5738317378668912,7,True,-0.0678595205408483,0.4994053832324495,-0.8292941094784501,0.8283347863183893,0.5039946937514159,26.20471884259763,8.749958575732986,1,5.855192154965776,,
Case1-arc,0.5738317378668912,5,True,1.554141041613725,-0.9212681359643664,-0.8292941094784501,0.8283347863183893,1.8066790959026044,10.782476853350024,0.1764882487289526,0,,,
Case1-arc,0.5912205918841783,1,True,-1.9183135691758564,1.3747780936835503,-0.8154035086138177,0.8139455111575031,2.360072404939389,14.447568538649929,0.7228162936044129,1,1.0441063426777062,,
Case1-arc,0.5912205918841783,2,True,-0.7154174032490351,0.4499025322641227,-0.8154035086138177,0.8139455111575031,0.8451238663114788,25.83054616286375,6.69412299757188,1,2.8161074457917064,,
Case1-arc,0.5912205918841783,4,True,-0.5932927297222733,0.0173134898922888,-0.8154035086138177,0.8139455111575031,0.593545297406657,28.352452554838823,9.245971177984186,1,6.246985363935442,,
Case1-arc,0.5912205918841783,7,True,-0.0639984555598421,0.5107090926124075,-0.8154035086138177,0.8139455111575031,0.5147033899160115,27.9314245155221,9.166056886617051,1,6.151156583952171,,
Case1-arc,0.5912205918841783,5,True,1.6173873752589367,-0.9170369845208076,-0.8154035086138177,0.8139455111575031,1.859273716434998,11.33225119197918,0.1527889075133469,0,,,
Case1-arc,0.6086094561439913,1,True,-1.9907577231976616,1.3126720313812557,-0.8014306134394572,0.7996361344650158,2.3845805028226095,14.919858776634449,0.6599241917289158,1,1.0204629815992117,,
Case1-arc,0.6086094561439913,2,True,-0.6125376308784439,0.4734582735910806,-0.8014306134394572,0.7996361344650158,0.7741867255862912,27.47021031506371,6.2703894584821755,1,1.642243870649439,,
Case1-arc,0.6086094561439913,4,True,-0.6046365577499595,0.0147878539841369,-0.8014306134394572,0.7996361344650158,0.6048173671391854,30.32232081619156,9.698632223917203,1,6.5696259357520805,,
Case1-arc,0.6086094561439913,7,True,-0.0601447902212591,0.5224672470260734,-0.8014306134394572,0.7996361344650158,0.5259176931856954,29.832058413113835,9.618475865493593,1,6.472769326714039,,
Case1-arc,0.6086094561439913,5,True,1.686477435278587,-0.9073912974770528,-0.8014306134394572,0.7996361344650158,1.9150887985785228,11.93353328440509,0.12368322999475712,0,,,
Case1-arc,0.62599834033676,1,True,-2.075920315815458,1.231921975651229,-0.7873493969645049,0.7854333366453113,2.4139339078996715,15.453364556195693,0.6076956311888814,1,1.005439597127165,,
Case1-arc,0.62599834033676,4,True,-0.6164536612722683,0.012237347095065,-0.7873493969645049,0.7854333366453113,0.6165751123422917,32.527495435681146,10.198045946686936,1,6.926099957896789,,
Case1-arc,0.62599834033676,2,True,-0.5767555170047091,0.4965735560587038,-0.7873493969645049,0.7854333366453113,0.7610730733458883,29.37159062680983,6.94953095178797,1,2.751619390773631,,
Case1-arc,0.62599834033676,7,True,-0.0562426087198696,0.5348436117550854,-0.7873493969645049,0.7854333366453113,0.5377926366833604,31.95003037028154,10.117692770994458,1,6.82784938144253,,
Case1-arc,0.62599834033676,5,True,1.7629106187684975,-0.8904156872540906,-0.7873493969645049,0.7854333366453113,1.975017454574744,12.599837811123255,0.08341760100593072,0,,,
Case1-arc,0.6433872661106116,1,True,-2.16981490750272,1.1363094900643085,-0.7731216913468719,0.7713772823417645,2.4493460331344052,16.066392041545704,0.5756267824073857,1,1.003175213147977,,
Case1-arc,0.6433872661106116,4,True,-0.6289211692256949,0.0096202172453872,-0.7731216913468719,0.7713772823417645,0.6289947421720341,35.040324415684374,10.759164624920851,1,7.327528333975099,,
Case1-arc,0.6433872661106116,2,True,-0.566967257451369,0.5052899541220514,-0.7731216913468719,0.7713772823417645,0.7594536251533676,31.56059754656112,7.708755146643782,1,3.6104700530967655,,
Case1-arc,0.6433872661106116,7,True,-0.0522252998459986,0.5480558539089827,-0.7731216913468719,0.7713772823417645,0.5505385553691119,34.35034207078984,10.679188930810081,1,7.227876178158703,,
Case1-arc,0.6433872661106116,5,True,1.8487832600435676,-0.8631945998929632,-0.7731216913468719,0.7713772823417645,2.040368706852194,13.351266192245264,1.429412144204889e-15,2,0.766418211623128,0.6831150361343358,1.1219460428805588
Case1-arc,0.6607762862543778,1,True,-2.266528996353054,1.0362559663643582,-0.7586894381816313,0.7575313184449772,2.4921838052468988,16.787170310548326,0.5639657398974555,1,1.0123082220206534,,
Case1-arc,0.6607762862543778,4,True,-0.6422750290184472,0.0068882430713372,-0.7586894381816313,0.7575313184449772,0.6423119653200126,37.974048139923624,11.404745659397415,1,7.790729196672014,,
Case1-arc,0.6607762862543778,2,True,-0.5621082651497384,0.5106967671428936,-0.7586894381816313,0.7575313184449772,0.7594582870176949,34.13518500298912,8.573370775245865,1,4.462186847525546,,
Case1-arc,0.6607762862543778,7,True,-0.0480122425378409,0.5624019551717944,-0.7586894381816313,0.7575313184449772,0.564447636733975,37.134332927821,11.326685947755061,1,7.690327331753628,,
Case1-arc,0.6607762862543778,5,True,1.9470705200887144,-0.8210848320525147,-0.7586894381816313,0.7575313184449772,2.113117107882392,14.218816286342886,8.42641928455734e-16,2,0.8206859379616992,0.6122591051949016,1.3404225939611771
Case1-arc,0.6781655438965968,1,True,-2.364899673907247,0.9388504581623168,-0.7439605555266855,0.7440012867110798,2.5444430923953076,17.661692689725356,0.5615972469304596,1,1.0263820649783582,,
Case1-arc,0.6781655438965968,4,True,-0.6568365535270225,0.0039875458035132,-0.7439605555266855,0.7440012867110798,0.6568486572801928,41.51463226724383,12.170853598946875,1,8.342170429379111,,
Case1-arc,0.6781655438965968,2,True,-0.5591646460744325,0.5152070984245796,-0.7439605555266855,0.7440012867110798,0.760331148702077,37.26088938799927,9.591956649751342,1,5.3858834367343835,,
Case1-arc,0.6781655438965968,7,True,-0.0435056893140985,0.5783025334874409,-0.7439605555266855,0.7440012867110798,0.5799366907177779,40.467486026915466,12.098129775787216,1,8.24297026366776,,
Case1-arc,0.6781655438965968,5,True,2.062021518440736,-0.756304859016368,-0.7439605555266855,0.7440012867110798,2.196344641053495,15.252349479767801,1.3652273755937472e-15,2,0.850930666788965,0.5644743840339647,1.5074743705956446
Case1-arc,0.6955554795312777,1,True,-2.470598687874224,0.8414512611045695,-0.7287823229530679,0.7309772077894388,2.609961321809254,18.769426271864933,0.5575800587995928,1,1.039944587741926,,
Case1-arc,0.6955554795312777,4,True,-0.6730492644671274,0.0008638263463007,-0.7287823229530679,0.7309772077894388,0.6730498188066748,45.985112884889276,13.117391683775748,1,9.025485686615273,,
Case1-arc,0.6955554795312777,2,True,-0.5572981466694056,0.5200187195777498,-0.7287823229530679,0.7309772077894388,0.7622340145863583,41.22398439518106,10.83927695661527,1,6.45254467139647,,
Case1-arc,0.6955554795312777,7,True,-0.0385903662699514,0.596368422871514,-0.7287823229530679,0.7309772077894388,0.5976156893582246,44.63491967982869,13.057399115225879,1,8.932202985911054,,
Case1-arc,0.6955554795312777,5,True,2.199581861902798,-0.6550647945223634,-0.7287823229530679,0.7309772077894388,2.2950534312373656,16.53609353775326,2.4667767828390197e-15,2,0.8738903386556195,0.5228141910969839,1.6715122763251653
Case1-arc,0.7129476499232992,1,True,-2.594829633354351,0.7321343654892206,-0.7128921940577215,0.7188313057448347,2.6961382670894642,20.255167846628517,0.5452766983246456,1,1.050192906422418,,
Case1-arc,0.7129476499232992,4,True,-0.6915124362007993,-0.0025191952488123,-0.7128921940577215,0.7188313057448347,0.691517024927851,51.98230744290911,14.348785085140149,1,9.91613208196203,,
Case1-arc,0.7129476499232992,2,True,-0.5562359780667373,0.526196232391849,-0.7128921940577215,0.7188313057448347,0.7656898447016498,46.54975311415954,12.44296904266056,1,7.76253886573197,,
Case1-arc,0.7129476499232992,7,True,-0.033145693720898,0.617495700020882,-0.7128921940577215,0.7188313057448347,0.6183846509709945,50.1570418075889,14.31817247280413,1,9.839943232355635,,
Case1-arc,0.7129476499232992,5,True,2.36715964582794,-0.4915814536895024,-0.7128921940577215,0.7188313057448347,2.4176635651901077,18.219785723045433,2.589942149633373e-15,2,0.8930162685595802,0.4835949412512031,1.8466203683791294
Case1-arc,0.730348026834871,1,True,-2.755069057431083,0.5855094579930201,-0.695850288274795,0.7083601663357757,2.8165984514327698,22.389916438839638,0.5195866282904283,1,1.0553605129387085,,
Case1-arc,0.730348026834871,4,True,-0.7128984385386264,-0.0061207892477544,-0.695850288274795,0.7083601663357757,0.712924713929758,60.65772348803553,16.050340910829505,1,11.146858276724656,,
Case1-arc,0.730348026834871,2,True,-0.5558010597121528,0.5350911807825111,-0.695850288274795,0.7083601663357757,0.7715162925877677,54.24324731944682,14.628916890814006,1,9.481458372142628,,
Case1-arc,0.730348026834871,7,True,-0.0271105873609796,0.6428941409957519,-0.695850288274795,0.7083601663357757,0.6434655083792161,58.018542161826566,16.08964600775289,1,11.11567808512976,,
Case1-arc,0.730348026834871,5,True,2.569152244713743,-0.2167784937413402,-0.695850288274795,0.7083601663357757,2.5782816316039696,20.57605884392922,-1.2836953722228372e-16,2,0.9098392354569742,0.445028589571189,2.0444512033118083
Case1-arc,0.7477731482663338,1,True,-2.971381084322576,0.3488623253555587,-0.6771471593681628,0.7012651755161944,2.9917905124394144,25.617424088610825,0.47511689537161633,1,1.0534125545337187,,
Case1-arc,0.7477731482663338,4,True,-0.7371633699512538,-0.0096580052510315,-0.6771471593681628,0.7012651755161944,0.7372266348032456,74.02934227083118,18.499054247990852,1,12.913738344609817,,
Case1-arc,0.7477731482663338,2,True,-0.5554281833883744,0.5483582119707046,-0.6771471593681628,0.7012651755161944,0.7805108554900553,66.04098461971178,17.73889530615787,1,11.849674673958592,,
Case1-arc,0.7477731482663338,7,True,-0.0207383942987079,0.6733455440319922,-0.6771471593681628,0.7012651755161944,0.6736648296191722,69.87974355230594,18.71247642195228,1,13.000303855865736,,
Case1-arc,0.7477731482663338,5,True,2.7844390965878443,0.2477597676823909,-0.6771471593681628,0.7012651755161944,2.795440213112948,24.032552828174936,1.8318679906315083e-15,2,0.925387221902072,0.40587107914470655,2.280002861628238
Case1-arc,0.7652157968131189,1,True,-3.2272425778092315,-0.0521855913576714,-0.6571987048128751,0.6998620916547154,3.227664479460361,30.20169013582577,0.41188700771835296,1,1.0435882014157987,,
Case1-arc,0.7652157968131189,4,True,-0.7612219327762456,-0.0124551173483248,-0.6571987048128751,0.6998620916547154,0.7613238213058643,93.75170974128622,21.78522668536959,1,15.274954693264542,,
Case1-arc,0.7652157968131189,2,True,-0.553612868203401,0.5661958189584324,-0.6571987048128751,0.6998620916547154,0.7918743039437548,83.28922566421615,21.90447765226606,1,14.942971144172368,,
Case1-arc,0.7652157968131189,7,True,-0.0150413094500674,0.7060806580954089,-0.6571987048128751,0.6998620916547154,0.7062408489505676,86.8994921879402,22.40299167425049,1,15.641344771810523,,
Case1-arc,0.7652157968131189,5,True,2.922962852622161,0.9301373005263232,-0.6571987048128751,0.6998620916547154,3.067387689164752,28.79476616514451,4.579669976578771e-16,2,0.9399210999945032,0.3666776665400451,2.5633442823599237
Case1-arc,0.7826303171421585,1,True,-3.4302395576981453,-0.6356026581104588,-0.6376397596697598,0.7040284043852189,3.4886292669462957,35.60645541458694,0.34292824381721515,1,1.0302757826662816,,
Case1-arc,0.7826303171421585,4,True,-0.7804403892785923,-0.014118378202965,-0.6376397596697598,0.7040284043852189,0.7805680814768193,118.27661691994163,25.448279032941024,1,17.895931336474902,,
Case1-arc,0.7826303171421585,2,True,-0.549047854938102,0.5855921758953945,-0.6376397596697598,0.7040284043852189,0.8027276894950328,104.4991659525977,26.604887978909478,1,18.375143521907447,,
Case1-arc,0.7826303171421585,7,True,-0.0109845569133261,0.7351202432498186,-0.6376397596697598,0.7040284043852189,0.7352023072095561,107.42003828387242,26.80827194007381,1,18.781273237740248,,
Case1-arc,0.7826303171421585,5,True,2.899706353505146,1.6799739750806582,-0.6376397596697598,0.7040284043852189,3.351210153587271,34.272915076075336,-1.1449174941446927e-16,2,0.951962336684238,0.33231558045964704,2.86463347691227
Case1-arc,0.8000256219638886,1,True,-3.4923638073272563,-1.3478077789152123,-0.6190364113793767,0.7113695863518562,3.743419662772755,41.22795460821048,0.2824551931204949,1,1.0190604704437518,,
Case1-arc,0.8000256219638886,4,True,-0.7942700528047834,-0.0149854900442596,-0.6190364113793767,0.7113695863518562,0.7944114058184084,145.32673608751216,29.07345196096657,1,20.48171241394601,,
Case1-arc,0.8000256219638886,2,True,-0.5419485448664494,0.6041810273908083,-0.6190364113793767,0.7113695863518562,0.8116298042469081,127.62098375023626,31.36548693263612,1,21.816469187160564,,
Case1-arc,0.8000256219638886,7,True,-0.0083369281503193,0.7585974886681013,-0.6190364113793767,0.7113695863518562,0.7586432983850405,129.38904607495033,31.547918081499144,1,22.14995714235292,,
Case1-arc,0.8000256219638886,5,True,2.758250016428366,2.340589391715604,-0.6190364113793767,0.7113695863518562,3.617499392361898,39.879727911226034,1.3877787807814457e-16,2,0.9603078679965202,0.30730892327037934,3.124894187181195
Case1-arc,0.8174159783755492,1,True,-3.39186664982791,-2.0925215711776173,-0.6010793046642725,0.7201754656783858,3.985399088680888,46.88127892567635,0.24059095838040795,1,1.0125528351976443,,
Case1-arc,0.8174159783755492,4,True,-0.8042545188894152,-0.0154371723806059,-0.6010793046642725,0.7201754656783858,0.8044026587755372,174.13879621256436,32.56604548829535,1,22.967633443018304,,
Case1-arc,0.8174159783755492,2,True,-0.5329885651669001,0.621521103200628,-0.6010793046642725,0.7201754656783858,0.8187583845814324,151.97552017961243,36.08459591077538,1,25.207339856093625,,
Case1-arc,0.8174159783755492,7,True,-0.0065538933537025,0.7776728151975592,-0.6010793046642725,0.7201754656783858,0.777700431410057,152.17630034130826,36.55497804838408,1,25.702362143439608,,
Case1-arc,0.8174159783755492,5,True,2.583922320900315,2.872921096375467,-0.6010793046642725,0.7201754656783858,3.8639785437352114,45.466777500545504,2.220446049250313e-15,2,0.9654708372953226,0.2913835634959592,3.31340184639039
Case1-arc,0.8348051582853696,1,True,-3.1942028027346705,-2.752139488286167,-0.5834516073670166,0.7296236115008032,4.216302089269941,52.56284784308414,0.21989434812150582,1,1.0102755094089058,,
Case1-arc,0.8348051582853696,4,True,-0.8116860868711393,-0.0156775880792747,-0.5834516073670166,0.7296236115008032,0.8118374778169373,204.7235262774332,35.947169014773266,1,25.37065620818831,,
Case1-arc,0.8348051582853696,2,True,-0.5226680671428113,0.6377513491519824,-0.5834516073670166,0.7296236115008032,0.8245657595098016,177.56315019908138,40.79523468865795,1,28.579205480989085,,
Case1-arc,0.8348051582853696,7,True,-0.0052836428208216,0.7936249400290104,-0.5834516073670166,0.7296236115008032,0.7936425280423853,175.81231023403717,41.901564812775526,1,29.49142551875399,,
Case1-arc,0.8348051582853696,5,True,2.427113970299277,3.298836409186946,-0.5834516073670166,0.7296236115008032,4.095510209900513,51.056547774610436,2.47198095326695e-16,2,0.9686512470359426,0.28138525229265804,3.442437864613052
Case1-arc,0.8521940353840631,1,False,-2.9938030878539084,-3.277378567057676,-0.5659569209167702,0.7393156993876279,4.438926356750315,58.31681673095408,0.21244101697744153,1,1.0100987953862173,,
Case1-arc,0.8521940353840631,4,True,-0.8173889910549184,-0.0158056300009417,-0.5659569209167702,0.7393156993876279,0.8175417913706333,237.35104614115676,39.259270029229896,1,27.722095662842914,,
Case1-arc,0.8521940353840631,2,True,-0.5113083254300781,0.6530633990891063,-0.5659569209167702,0.7393156993876279,0.8294142552934136,204.60391920414767,45.556304553682864,1,31.97837224665613,,
Case1-arc,0.8521940353840631,7,True,-0.0043306741671976,0.8073451474057788,-0.5659569209167702,0.7393156993876279,0.8073567623909527,200.52334999518274,47.71074034426432,1,33.60540443561375,,
Case1-arc,0.8521940353840631,5,False,2.3031915911504184,3.6512697918035246,-0.5659569209167702,0.7393156993876279,4.316996942097938,56.7084531767422,1.2902005852577503e-15,2,0.9707874791898781,0.2744276868150751,3.5374983131496114
Case1-arc,0.8695828781433939,1,False,-2.8338331326042487,-3.694326898192341,-0.5484807629084271,0.7490411257302666,4.656034949842307,64.20107006026335,0.2100693324250497,1,1.0105175045355528,,
Case1-arc,0.8695828781433939,4,True,-0.8218814065503919,-0.0158706458076135,-0.5484807629084271,0.7490411257302666,0.822034624472474,272.4057080638931,42.545071461681346,1,30.05297256848034,,
Case1-arc,0.8695828781433939,2,True,-0.4991186828006353,0.6676094938962936,-0.5484807629084271,0.7490411257302666,0.8335597734182634,233.40911215532864,50.42934014006265,1,35.45110087589313,,
Case1-arc,0.8695828781433939,7,True,-0.0035839454002377,0.819428920717088,-0.5484807629084271,0.7490411257302666,0.8194367582505703,226.6057034149811,54.144914865896006,1,38.159937394209635,,
Case1-arc,0.8695828781433939,5,False,2.211360610722648,3.956324919913553,-0.5484807629084271,0.7490411257302666,4.5323970062853745,62.48779801497858,7.91033905045424e-16,2,0.9723996459533368,0.2688439672584904,3.6169665842580936
Case1-arc,0.8869717463063032,1,False,-2.7173345852627024,-4.041750860065265,-0.5309558147924878,0.7586783494094349,4.870283078333654,70.27898184223858,0.20905340554037236,1,1.0109716548092924,,
Case1-arc,0.8869717463063032,4,True,-0.8254996476177489,-0.0158984990350763,-0.5309558147924878,0.7586783494094349,0.825652729958907,310.3549311450597,45.84439231429236,1,32.391965087368526,,
Case1-arc,0.8869717463063032,2,True,-0.4862411524341219,0.6815002149254918,-0.5309558147924878,0.7586783494094349,0.8371815820142932,264.35321801987163,55.47571344731594,1,39.042502260394144,,
Case1-arc,0.8869717463063032,7,True,-0.0029769349149992,0.8302880168357414,-0.5309558147924878,0.7586783494094349,0.8302933536061314,254.39751481746995,61.42139692950574,1,43.309244791943044,,
Case1-arc,0.8869717463063032,5,False,2.1464579981316487,4.231629134492848,-0.5309558147924878,0.7586783494094349,4.744888520253349,68.46082129877955,2.3592239273284576e-16,2,0.9737404595901457,0.2638405791514456,3.6906394866242866
Case1-arc,0.9043606481265204,1,False,-2.636436210567297,-4.34714299442714,-0.5133418171400839,0.7681518368440758,5.084136908698212,76.61783563713131,0.20815511129351222,1,1.0113181175449841,,
Case1-arc,0.9043606481265204,4,True,-0.8284703378228453,-0.0159033690915745,-0.5133418171400839,0.7681518368440758,0.8286229648041155,351.75205153528697,49.19474071197714,1,34.76594460757293,,
Case1-arc,0.9043606481265204,2,True,-0.4727760133678175,0.6948148137521098,-0.5133418171400839,0.7681518368440758,0.840407510809694,297.8751949763857,60.75809841627296,1,42.798023818788806,,
Case1-arc,0.9043606481265204,7,True,-0.0024674046126185,0.840225560470298,-0.5133418171400839,0.7681518368440758,0.8402291833500838,284.27584746265046,69.84908814049803,1,49.27220590589182,,
Case1-arc,0.9043606481265204,5,False,2.103304311856823,4.488788775069387,-0.5133418171400839,0.7681518368440758,4.957127564977972,74.69551443960287,4.2934406030425976e-17,2,0.974929658825923,0.25906686751659924,3.7632356007989176
Case1-arc,0.9217495796553156,1,False,-2.583156014369215,-4.627739841233305,-0.4956145625302073,0.7774116608113462,5.299874624244418,83.28968909927221,0.20702330796261842,1,1.011540761062213,,
Case1-arc,0.9217495796553156,4,True,-0.8309514980728394,-0.0158933239950056,-0.4956145625302073,0.7774116608113462,0.8311034772500391,397.25244438502034,52.63257963773964,1,37.20093664152848,,
Case1-arc,0.9217495796553156,2,True,-0.4587966655362517,0.7076103877566751,-0.4956145625302073,0.7774116608113462,0.8433308017429075,334.4907168944083,66.3427717066982,1,46.765315612403036,,
Case1-arc,0.9217495796553156,7,True,-0.0020267353507995,0.8494866769578141,-0.4956145625302073,0.7774116608113462,0.8494890946828051,316.658596424007,79.90372339874826,1,56.38566054796339,,
Case1-arc,0.9217495796553156,5,False,2.0777703190895718,4.735686664678318,-0.4956145625302073,0.7774116608113462,5.171446382290126,81.26370499182548,2.5457067009959644e-16,2,0.9760256924271762,0.2543708374835115,3.837018826855271
Case1-arc,0.9391385350090072,1,False,-2.551426000928777,-4.894559007490646,-0.47775974531904,0.7864230657862372,5.51964514403084,90.3733096723569,0.20558624862639338,1,1.0116549577684726,,
Case1-arc,0.9391385350090072,4,True,-0.8330565993030609,-0.0158730943912323,-0.47775974531904,0.7864230657862372,0.8332078088735928,447.6383143349848,56.1946443102373,1,39.72309056504699,,
Case1-arc,0.9391385350090072,2,True,-0.4443585644690829,0.7199284500714989,-0.47775974531904,0.7864230657862372,0.8460209849875916,374.81124661182196,72.30215625972578,1,50.99616259390365,,
Case1-arc,0.9391385350090072,7,True,-0.0016336836258808,0.8583016178289645,-0.47775974531904,0.7864230657862372,0.8583031725969603,352.00089735661174,92.40001101114491,1,65.22624512087118,,
Case1-arc,0.9391385350090072,5,False,2.0668077429645804,4.977988079119533,-0.47775974531904,0.7864230657862372,5.389996248814513,88.24352517920353,1.3322676295501878e-15,2,0.9770588525338952,0.2496858015325252,3.9131534373876646
Case1-arc,0.9565275089345155,1,False,-2.536954602274442,-5.155106054921275,-0.459769401275333,0.7951607689568608,5.74554236704312,97.95673599792659,0.20385382322375403,1,1.0116803950804536,,
Case1-arc,0.9565275089345155,4,True,-0.8348691697703036,-0.0158455235160572,-0.459769401275333,0.7951607689568608,0.8350195274653485,503.8522743012121,59.9192372682731,1,42.35961835538583,,
Case1-arc,0.9565275089345155,2,True,-0.4295048060700835,0.7317994265000146,-0.459769401275333,0.7951607689568608,0.8485309535090929,419.5698441441757,78.71763022055363,1,55.54854979289608,,
Case1-arc,0.9565275089345155,7,True,-0.0012696129443772,0.8669452572265524,-0.459769401275333,0.7951607689568608,0.8669461868793481,390.76636787809696,108.96802708122746,1,76.9474740648503,,
Case1-arc,0.9565275089345155,5,False,2.0682456109140395,5.220053480667318,-0.459769401275333,0.7951607689568608,5.614855140437032,95.72219414022001,1.1102230246251565e-16,2,0.9780461111102668,0.24498096273009123,3.992335160295019
Case1-arc,0.9739164972615094,1,False,-2.536780989551829,-5.41491607023922,-0.441639768566624,0.8036056708319549,5.979680078121781,106.1404309559598,0.20185479153085642,1,1.011634208589692,,
Case1-arc,0.9739164972615094,4,True,-0.8364519917171888,-0.0158123577785149,-0.441639768566624,0.8036056708319549,0.8366014374277443,567.0418952953395,63.847555697401596,1,45.1397474766843,,
Case1-arc,0.9739164972615094,2,True,-0.4142697439379242,0.743245726009779,-0.441639768566624,0.8036056708319549,0.85090165705221,469.65531721132066,85.68278404022604,1,60.4890148928916,,
Case1-arc,0.9739164972615094,7,True,-0.0009114678986671,0.8758877206323287,-0.441639768566624,0.8036056708319549,0.8758881948789049,433.29525121257103,133.86003732535022,1,94.55801999045856,,
Case1-arc,0.9739164972615094,5,False,2.080583746830121,5.465494462776385,-0.441639768566624,0.8036056708319549,5.848115803420192,103.79925609699548,6.396792817664476e-16,2,0.9789978448173896,0.24024018655840199,4.075079439631541
Case1-arc,0.9913054968024456,1,False,-2.548903241587285,-5.678431341239578,-0.4233699570133174,0.811742866084316,6.2242662404612865,115.04118315401482,0.19961739658440403,1,1.011529881310899,,
Case1-arc,0.9913054968024456,4,True,-0.8378530849418007,-0.0157746934506743,-0.4233699570133174,0.811742866084316,0.8380015709412215,638.6190171781898,68.02513976332366,1,48.095754240395046,,
Case1-arc,0.9913054968024456,2,True,-0.3986814075414097,0.7542838615081818,-0.4233699570133174,0.811742866084316,0.8531652878844131,526.1575809385685,93.30738311775295,1,65.89548330935374,,
Case1-arc,0.9913054968024456,5,False,2.102833957413049,5.7175282014508575,-0.4233699570133174,0.811742866084316,6.091965149837555,112.59050608252802,5.156465532341059e-16,2,0.9799209792577825,0.23545287285313674,4.1618561174618005
Case1-arc,1.0,1,False,-2.559146418011951,-5.812801758481176,-0.4141827744053656,0.8156922448639925,6.351212063238421,119.80260282593527,0.19841658294079387,1,1.0114592207244875,,
Case1-arc,1.0,4,True,-0.8384974672512004,-0.0157544054834796,-0.4141827744053656,0.8156922448639925,0.8386454577941836,678.085442931097,70.22323118033955,1,49.65092034699707,,
Case1-arc,1.0,2,True,-0.3907622113642257,0.7596537915892843,-0.4141827744053656,0.8156922448639925,0.8542651748176532,557.225174130852,97.40690302898531,1,68.80179156142444,,
Case1-arc,1.0,5,False,2.117479299494602,5.846976246389498,-0.4141827744053656,0.8156922448639925,6.218589052962994,117.29576676591084,4.779163176316104e-16,2,0.9803734364939763,0.23303894210087042,4.2069082002166995
Case2-loop,0.0,1,True,-1.3325362364626356,2.6128323749542344,0.0092754816774424,-1.095335685674362,2.933009689908131,26.047733485893925,6.31873026124552e-16,2,0.9784448685038378,0.2053540349782943,4.764673207454913
Case2-loop,0.0,2,True,-0.9760030826011696,-0.0023052184341846,0.0092754816774424,-1.095335685674362,0.9760058049412487,54.05714701799507,45.78402069224597,1,32.38228997234962,,
Case2-loop,0.0,3,True,-0.0396267759536651,2.9391743898382967,0.0092754816774424,-1.095335685674362,2.939441507370712,26.054746007284734,0.1589083650789791,1,1.0082540781227243,,
Case2-loop,0.0,4,True,-2.602375290731994e-05,0.7161037294700999,0.0092754816774424,-1.095335685674362,0.7161037299429613,73.2867468695583,21.74037861694525,1,15.410409544479672,,
Case2-loop,0.0,5,True,0.007670927162916,-0.9252086735769808,0.0092754816774424,-1.095335685674362,0.925240472950473,71.8914715356912,22.134375790644352,1,15.688440457196833,,
Case2-loop,0.0,6,True,0.0110894092402595,-3.061810998855356,0.0092754816774424,-1.095335685674362,3.061831080858141,27.151346128610633,0.4458251027101957,1,1.0617607377460414,,
Case2-loop,0.0,7,True,1.3758710423572125,2.589662207339094,0.0092754816774424,-1.095335685674362,2.932468494855062,26.045806988506534,1.7167257199135477e-15,2,0.976910930627066,0.21394875718785894,4.566097711749191
Case2-loop,0.0178555148414955,1,True,-1.4041722300450852,2.5400189894384924,0.0292527870468408,-1.0943831733199765,2.90230875654847,25.502081582049225,6.938893903907228e-17,2,0.974616928219223,0.22039736338880236,4.422089780175383
Case2-loop,0.0178555148414955,2,True,-0.9573955162536036,-0.004062828629781,0.0292527870468408,-1.0943831733199765,0.9574041367776616,54.11992266658343,34.73008656445061,1,24.5680470078186,,
Case2-loop,0.0178555148414955,3,True,-0.1023106288983462,2.90807679166681,0.0292527870468408,-1.0943831733199765,2.909875958012077,25.51064942647728,0.17737566513614175,1,1.0100534392412839,,
Case2-loop,0.0178555148414955,4,True,-8.628622875951772e-05,0.7125322340617873,0.0292527870468408,-1.0943831733199765,0.7125322392863322,71.32930747074784,21.27607498931631,1,15.082359034960934,,
Case2-loop,0.0178555148414955,5,True,0.0241146266919065,-0.9217934281550636,0.0292527870468408,-1.0943831733199765,0.9221088002022073,69.87119308177544,21.68331126237143,1,15.369959273217676,,
Case2-loop,0.0178555148414955,6,True,0.0358171267036267,-3.030766939032894,0.0292527870468408,-1.0943831733199765,3.030978572227148,26.58453752203262,0.4524983157709023,1,1.063373574837378,,
Case2-loop,0.0178555148414955,7,True,1.517944885335278,2.471688507807667,0.0292527870468408,-1.0943831733199765,2.9005862777280083,25.495226953177646,1.111090386363145e-15,2,0.9702411770093974,0.24285286031014308,3.9951811799553014
Case2-loop,0.0357110323580512,1,True,-1.465903088676907,2.469366174430225,0.0492050361562393,-1.0930019541959028,2.8716965662849305,24.96357353734097,1.6740081543176188e-16,2,0.9705139660209289,0.23537115491002802,4.1233343414230745
Case2-loop,0.0357110323580512,2,True,-0.944422287838685,-0.0052614604042373,0.0492050361562393,-1.0930019541959028,0.9444369437564591,53.602984632244635,30.464648386778293,1,21.552974728460953,,
Case2-loop,0.0357110323580512,3,True,-0.1459482128380349,2.876746742476396,0.0492050361562393,-1.0930019541959028,2.880446614880958,24.973985856948033,0.19449115260030306,1,1.0118501283413632,,
Case2-loop,0.0357110323580512,4,True,-0.0001526037244415,0.7089455494011778,0.0492050361562393,-1.0930019541959028,0.7089455658254974,69.39932523310026,20.820580522434966,1,14.760519379014871,,
Case2-loop,0.0357110323580512,5,True,0.0404281775504203,-0.9179638254677156,0.0492050361562393,-1.0930019541959028,0.9188536458040372,67.89171056948275,21.238289630615107,1,15.055780928849922,,
Case2-loop,0.0357110323580512,6,True,0.0616639243700058,-2.999589263200632,0.0492050361562393,-1.0930019541959028,3.0002230229563303,26.02497329708213,0.4593360273102551,1,1.0650300227920015,,
Case2-loop,0.0357110323580512,7,True,1.6307649042578878,2.360138543971702,0.0492050361562393,-1.0930019541959028,2.8687363280197262,24.950793987442104,2.3826426942541445e-15,2,0.9637243886693634,0.2678524484869826,3.597967441078664
Case2-loop,0.0535665528831233,1,True,-1.5185438126670592,2.4012898294472347,0.0691228184478183,-1.0911903359255966,2.841156130168868,24.43169240128852,3.8163916471489756e-17,2,0.9661447110750979,0.25019658305284476,3.8615423891342098
Case2-loop,0.0535665528831233,2,True,-0.9335790081536792,-0.0062419991012295,0.0691228184478183,-1.0911903359255966,0.9335998752238495,52.85977266312335,27.822348498198274,1,19.685324734132525,,
Case2-loop,0.0535665528831233,3,True,-0.1780856927470423,2.845567809872376,0.0691228184478183,-1.0911903359255966,2.85113498006374,24.444202102127953,0.21088271978130596,1,1.0136948404332204,,
Case2-loop,0.0535665528831233,4,True,-0.0002254430984137,0.7053372222999252,0.0691228184478183,-1.0911903359255966,0.7053372583284997,67.49526134230021,20.373032142089514,1,14.44428016693432,,
Case2-loop,0.0535665528831233,5,True,0.0565996185688496,-0.9137169605062936,0.0691228184478183,-1.0911903359255966,0.9154682958677482,65.95061790366134,20.798857166734223,1,14.745585213228326,,
Case2-loop,0.0535665528831233,6,True,0.0886142914511395,-2.968215237278687,0.0691228184478183,-1.0911903359255966,2.9695377060180195,25.472093894551186,0.46636287143342275,1,1.066737457161162,,
Case2-loop,0.0535665528831233,7,True,1.722723667220079,2.253903606586014,0.0691228184478183,-1.0911903359255966,2.836874741926693,24.412037895733008,4.579669976578771e-16,2,0.9572225069947732,0.2904568247102736,3.2955758844695366
Case2-loop,0.0714220768067501,1,True,-1.5629547547783729,2.3360276797423523,0.0889965568979643,-1.0889465592415162,2.8106676939842536,23.905936021154343,2.2490689866039304e-15,2,0.9614997693581283,0.26488137672385037,3.6299258983410185
Case2-loop,0.0714220768067501,2,True,-0.9238920831609416,-0.007099440650048,0.0889965568979643,-1.0889465592415162,0.9239193597847205,51.99063300153384,25.89724768673804,1,18.324658941120795,,
Case2-loop,0.0714220768067501,3,True,-0.2026626771865091,2.81463119799114,0.0889965568979643,-1.0889465592415162,2.821917954411404,23.920767096842443,0.22684532791271558,1,1.015609301598848,,
Case2-loop,0.0714220768067501,4,True,-0.0003053279814314,0.7017003576933195,0.0889965568979643,-1.0889465592415162,0.7017004241213688,65.61561171969481,19.93261404831841,1,14.133064330874953,,
Case2-loop,0.0714220768067501,5,True,0.0726164913870964,-0.909049590357084,0.0889965568979643,-1.0889465592415162,0.9119453451549355,64.04560452255319,20.364569581640893,1,14.4390587125741,,
Case2-loop,0.0714220768067501,6,True,0.1166521135382223,-2.936579804459876,0.0889965568979643,-1.0889465592415162,2.9388958238689815,24.925351805950243,0.4736076528025939,1,1.068504880755482,,
Case2-loop,0.0714220768067501,7,True,1.7986575434900258,2.152359348755748,0.0889965568979643,-1.0889465592415162,2.8049634088397375,23.87848173779615,1.27675647831893e-15,2,0.9506342507235319,0.3115124925573558,3.0516729615538636
Case2-loop,0.0892776045875195,1,True,-1.5999469483384368,2.273704945633981,0.1088164817219997,-1.0862687624468943,2.780209419683686,23.38581431101678,1.478851763270228e-16,2,0.9565546000208115,0.2794830426735675,3.42258546661829
Case2-loop,0.0892776045875195,2,True,-0.9149240595897044,-0.0078764000752385,0.1088164817219997,-1.0862687624468943,0.9149579621459393,51.0408027789885,24.371802161515753,1,17.246501243424866,,
Case2-loop,0.0892776045875195,3,True,-0.221957568250304,2.7839368353440523,0.1088164817219997,-1.0862687624468943,2.792770929612568,23.40316574329034,0.242552855687118,1,1.0176057348450114,,
Case2-loop,0.0892776045875195,4,True,-0.0003928484795035,0.6980275275893668,0.1088164817219997,-1.0862687624468943,0.6980276381365226,63.758905580262805,19.498550467989656,1,13.826323004022395,,
Case2-loop,0.0892776045875195,5,True,0.0884657694342683,-0.9039580676914946,0.1088164817219997,-1.0862687624468943,0.9082765991184282,62.17444705671152,19.934990529911683,1,14.135893762041007,,
Case2-loop,0.0892776045875195,6,True,0.1457601440601907,-2.904615467539588,0.1088164817219997,-1.0862687624468943,2.908270454044236,24.384210000042348,0.48110373769370035,1,1.0703431352250588,,
Case2-loop,0.0892776045875195,7,True,1.8616966780870623,2.0550974346199955,0.1088164817219997,-1.0862687624468943,2.7729659188280857,23.349646540475955,1.3322676295501878e-15,2,0.9438691456391841,0.3315737926790542,2.84663374029925
Case2-loop,0.1071331367681467,1,True,-1.6302490149739883,2.214374841733695,0.1285725977815797,-1.0831549390385289,2.7497577694274793,22.870847043036633,4.85722573273506e-16,2,0.9512704252387305,0.29409078169157454,3.2346149028104123
Case2-loop,0.1071331367681467,2,True,-0.9064326604130132,-0.0085963012136116,0.1285725977815797,-1.0831549390385289,0.906473421705219,50.03495252587058,23.099339605662383,1,16.347168616251516,,
Case2-loop,0.1071331367681467,3,True,-0.2373816229627539,2.753455056198099,0.1285725977815797,-1.0831549390385289,2.7636687177415653,22.890895610538763,0.25812685073126,1,1.0196933487642006,,
Case2-loop,0.1071331367681467,4,True,-0.0004886728970864,0.6943106673600983,0.1285725977815797,-1.0831549390385289,0.6943108393300693,61.923703722630336,19.070099122553092,1,13.523530880821369,,
Case2-loop,0.1071331367681467,5,True,0.1041337738774987,-0.898438262644876,0.1285725977815797,-1.0831549390385289,0.9044529587802305,60.33500141939447,19.50969014000408,1,13.835787417370154,,
Case2-loop,0.1071331367681467,6,True,0.1759193169518516,-2.872252196013352,0.1285725977815797,-1.0831549390385289,2.8776344944381536,23.848140396042623,0.4888894695558769,1,1.0722651356723747,,
Case2-loop,0.1071331367681467,7,True,1.9140251255217355,1.9618216316210355,0.1285725977815797,-1.0831549390385289,2.740845908734148,22.825052751936756,3.608224830031759e-15,2,0.9368354315204439,0.3510488144773993,2.6686756738235844
Case2-loop,0.1249886739948916,1,True,-1.6545011944133057,2.1580434124818897,0.1482546440808264,-1.0796028869310446,2.7192876957893835,22.36056200355604,8.257283745649602e-16,2,0.9455934489298208,0.3088178839778043,3.0619776184911087
Case2-loop,0.1249886739948916,2,True,-0.898265517898372,-0.0092736441632686,0.1482546440808264,-1.0796028869310446,0.8983133869208992,48.988028344924494,22.00054303810454,1,15.570592138979599,,
Case2-loop,0.1249886739948916,3,True,-0.2498539613844357,2.7231475915225487,0.1482546440808264,-1.0796028869310446,2.7345858566215386,22.38346479800704,0.2736634753601621,1,1.0218808775508341,,
Case2-loop,0.1249886739948916,4,True,-0.0005935619791357,0.690540956075973,0.1482546440808264,-1.0796028869310446,0.690541211177249,60.10859661898502,18.646545260025942,1,13.224181970336778,,
Case2-loop,0.1249886739948916,5,True,0.1196060737041651,-0.8924854706331977,0.1482546440808264,-1.0796028869310446,0.9004642847766293,58.52519528113484,19.088243564954954,1,13.538440442496006,,
Case2-loop,0.1249886739948916,6,True,0.2071078880714508,-2.8394173742216293,0.1482546440808264,-1.0796028869310446,2.8469606077944016,23.316622378778945,0.49700860388675205,1,1.0742861292314267,,
Case2-loop,0.1249886739948916,7,True,1.9572489002493796,1.872300088372859,0.1482546440808264,-1.0796028869310446,2.708566203445731,22.304220303290663,9.107298248878237e-17,2,0.9294318821972908,0.3702696092617808,2.5101489804964845
Case2-loop,0.1428442170428657,1,True,-1.67326057462247,2.1046847096531915,0.1678520432508174,-1.0756101473011073,2.6887727084366686,21.85449341921393,1.855286757557195e-15,2,0.939452482999286,0.3238002874515578,2.9013330729048006
Case2-loop,0.1428442170428657,2,True,-0.8903177101650613,-0.0099181472956412,0.1678520432508174,-1.0756101473011073,0.8903729525762427,47.909685846690834,21.027819191926287,1,14.883128262513424,,
Case2-loop,0.1428442170428657,3,True,-0.2599966693634417,2.6929749727608647,0.1678520432508174,-1.0756101473011073,2.7054967144678743,21.88039037943341,0.2892458119343845,1,1.0241777387180038,,
Case2-loop,0.1428442170428657,4,True,-0.0007083863164782,0.6867086768279379,0.1678520432508174,-1.0756101473011073,0.6867090422019726,58.31220236796709,18.227196121998265,1,12.927785649770648,,
Case2-loop,0.1428442170428657,5,True,0.1348673663634031,-0.886094303047146,0.1678520432508174,-1.0756101473011073,0.8962992359711168,56.743020890246704,18.670229550618956,1,13.243556311132998,,
Case2-loop,0.1428442170428657,6,True,0.2393003947042767,-2.8060358105534364,0.1678520432508174,-1.0756101473011073,2.81622116479049,22.78914135346502,0.5055107543454448,1,1.076423977724808,,
Case2-loop,0.1428442170428657,7,True,1.992595146616996,1.786340657662093,0.1678520432508174,-1.0756101473011073,2.676088257800599,21.786667978023498,1.2490009027033011e-15,2,0.921539973554187,0.38953248124158385,2.3657590006792217
Case2-loop,0.1606997668490507,1,True,-1.6870103734315167,2.054249926255187,0.1873538382609706,-1.071173930517496,2.658184861815481,21.35218060451628,1.0031038499835887e-15,2,0.9327547706437187,0.33919930407926496,2.749872300521437
Case2-loop,0.1606997668490507,2,True,-0.8825115802813839,-0.0105367082812866,0.1873538382609706,-1.071173930517496,0.8825744793229353,46.806417737223065,20.150400223128702,1,14.263027017311614,,
Case2-loop,0.1606997668490507,3,True,-0.2682437326519086,2.6628990389707434,0.1873538382609706,-1.071173930517496,2.676375532666957,21.381197209264236,0.30495032243032955,1,1.026594671825464,,
Case2-loop,0.1606997668490507,4,True,-0.000834147754039,0.6828030519816194,0.1873538382609706,-1.071173930517496,0.6828035615005897,56.53316457573312,17.81137573323436,1,12.63386293647153,,
Case2-loop,0.1606997668490507,5,True,0.1499013344260271,-0.8792585569813828,0.1873538382609706,-1.071173930517496,0.8919450768335947,54.986528213213376,18.255229022581855,1,12.950840223231447,,
Case2-loop,0.1606997668490507,6,True,0.2724664261210719,-2.772029831635433,0.1873538382609706,-1.071173930517496,2.7853881849465716,22.265187341194714,0.5144518386640271,1,1.0786994633797724,,
Case2-loop,0.1606997668490507,7,True,2.021028991244977,1.703776935781165,0.1873538382609706,-1.071173930517496,2.643371716265525,21.271912398664103,6.159352541890151e-16,2,0.9130142356508688,0.4091262230308572,2.2316199359873523
Case2-loop,0.1785553245555559,1,True,-1.696170163761336,2.0066726525358765,0.2067486126936367,-1.066291025893813,2.6274946924531606,20.853166818459645,4.757479132866393e-16,2,0.9253794110977326,0.3552079540216607,2.605176490617951
Case2-loop,0.1785553245555559,2,True,-0.8747859689895882,-0.0111344384830657,0.2067486126936367,-1.066291025893813,0.874856826721599,45.682692059999894,19.34723828805985,1,13.695409119811009,,
Case2-loop,0.1785553245555559,3,True,-0.2749052978816209,2.6328836234901707,0.2067486126936367,-1.066291025893813,2.647196459964034,20.8854170199632,0.3208507236597115,1,1.029144185438326,,
Case2-loop,0.1785553245555559,4,True,-0.0009720059047995,0.6788120469845803,0.2067486126936367,-1.066291025893813,0.6788127429025438,54.770150240784325,17.39841991455128,1,12.341942905272166,,
Case2-loop,0.1785553245555559,5,True,0.1646904724496204,-0.8719710591477912,0.2067486126936367,-1.066291025893813,0.8873874462189556,53.253818385877544,17.84282369905634,1,12.659998141504804,,
Case2-loop,0.1785553245555559,6,True,0.3065692041020947,-2.737319489265693,0.2067486126936367,-1.066291025893813,2.7544332744173685,21.74425362136606,0.5238945091603128,1,1.081136615095753,,
Case2-loop,0.1785553245555559,7,True,2.0433264417591146,1.6244597656831126,0.2067486126936367,-1.066291025893813,2.610374011117027,20.759466787932187,2.248201624865942e-15,2,0.9036683871769091,0.4293574225533806,2.1046995806030555
Case2-loop,0.1964108915677412,1,True,-1.7011057714902398,1.961871578396932,0.2260243896731315,-1.0609576910316054,2.596671125868479,20.35699835062453,1.1015494072452725e-15,2,0.9171671955885509,0.3720614798877113,2.4650958112227936
Case2-loop,0.1964108915677412,2,True,-0.8670899229956083,-0.0117152519269864,0.2260243896731315,-1.0609576910316054,0.8671690617683744,44.54161137279364,18.603275495196314,1,13.169629143724416,,
Case2-loop,0.1964108915677412,3,True,-0.2802073222148304,2.602894582940272,0.2260243896731315,-1.0609576910316054,2.617933603688722,20.39258781330016,0.33702062803019167,1,1.0318409496736718,,
Case2-loop,0.1964108915677412,4,True,-0.0011233112313349,0.6747221345906771,0.2260243896731315,-1.0609576910316054,0.6747230696624521,53.021847739934834,16.98767143036952,1,12.051559184494764,,
Case2-loop,0.1964108915677412,5,True,0.1792158765461878,-0.8642234778131564,0.2260243896731315,-1.0609576910316054,0.8826100781260577,51.54303749126505,17.43259474655608,1,12.370735859843862,,
Case2-loop,0.1964108915677412,6,True,0.3415639809615022,-2.701822911218634,0.2260243896731315,-1.0609576910316054,2.723327559563154,21.225835434986333,0.5339085486219405,1,1.0837630508640006,,
Case2-loop,0.1964108915677412,7,True,2.060122104117321,1.5482517266947533,0.2260243896731315,-1.0609576910316054,2.5770499593694463,20.2488395994642,1.6621361405289026e-15,2,0.8932532828306174,0.4505800100844268,1.9824520902808036
Case2-loop,0.2142664696324517,1,True,-1.7021383937630776,1.9197514885900293,0.2451685027983051,-1.055169515226137,2.565681369435025,19.863223892950785,5.360295540768334e-16,2,0.9079045819102327,0.3900539718953144,2.3276383457874465
Case2-loop,0.2142664696324517,2,True,-0.8593787135706584,-0.0122822189569067,0.2451685027983051,-1.055169515226137,0.8594664776713895,43.38531827938486,17.90733640012306,1,12.677785647612554,,
Case2-loop,0.2142664696324517,3,True,-0.2843169919655748,2.572899628331621,0.2451685027983051,-1.055169515226137,2.588561115637285,19.902253601402435,0.35353556490123644,1,1.0347021987295213,,
Case2-loop,0.2142664696324517,4,True,-0.0012896466510121,0.6705180090232639,0.2451685027983051,-1.055169515226137,0.6705192492486747,51.28696505158103,16.578475192216676,1,11.762246469436397,,
Case2-loop,0.2142664696324517,5,True,0.1934569868833102,-0.8560060948995026,0.2451685027983051,-1.055169515226137,0.8775944623110754,49.8523707180499,17.02412150995106,1,12.0827581257351,,
Case2-loop,0.2142664696324517,6,True,0.3773962740401373,-2.665456829459139,0.2451685027983051,-1.055169515226137,2.692041615088768,20.709428774913423,0.5445712081618765,1,1.0866103295962173,,
Case2-loop,0.2142664696324517,7,True,2.0719416378689486,1.4750233436874638,0.2451685027983051,-1.055169515226137,2.543351335375828,19.739533092710005,1.85268467234323e-15,2,0.8814186679397275,0.47323870481135805,1.862524470163694
Case2-loop,0.2321220609453175,1,True,-1.6995528324920202,1.880203133418506,0.2641674299670454,-1.048921249662267,2.534490807509157,19.37139429862186,1.5265566588595902e-15,2,0.8972973232392131,0.40956539111376733,2.1908524077171494
Case2-loop,0.2321220609453175,2,True,-0.8516111131018191,-0.0128377852246461,0.2641674299670454,-1.048921249662267,0.8517078705095976,42.21525716510356,17.250865615677245,1,12.213828680413181,,
Case2-loop,0.2321220609453175,3,True,-0.2873595838248062,2.542868147683729,0.2641674299670454,-1.048921249662267,2.5590533302220266,19.413964605966598,0.3704746883919196,1,1.0377481781735909,,
Case2-loop,0.2321220609453175,4,True,-0.001472880308672,0.666182236457436,0.2641674299670454,-1.048921249662267,0.6661838646708842,49.56422841664158,16.170173450473037,1,11.473536997766931,,
Case2-loop,0.2321220609453175,5,True,0.2073912702855528,-0.8473075281619346,0.2641674299670454,-1.048921249662267,0.8723194290341943,48.1800370128897,16.616980371645045,1,11.795767854873354,,
Case2-loop,0.2321220609453175,6,True,0.4139999695960963,-2.62813732019129,0.2641674299670454,-1.048921249662267,2.6605453855568455,20.19452930808766,0.5559674594127242,1,1.0897143027526386,,
Case2-loop,0.2321220609453175,7,True,2.079224524017847,1.4046503209385168,0.2641674299670454,-1.048921249662267,2.5092264037726686,19.23104193143364,6.262351748276274e-16,2,0.8676401900426073,0.49794582727525105,1.7424389210977345
Case2-loop,0.2499776683007215,1,True,-1.6936048655394964,1.843102420394134,0.2830065774553605,-1.0422065947653605,2.5030629182347317,18.88106289250423,2.7755575615628914e-16,2,0.8849242546089408,0.4311083702853665,2.0526724035146353
Case2-loop,0.2499776683007215,2,True,-0.8437473712034278,-0.01338390736442,0.2830065774553605,-1.0422065947653605,0.8438535153621358,41.03234998799466,16.62713465398724,1,11.77299894083108,,
Case2-loop,0.2499776683007215,3,True,-0.2894300167387803,2.5127711052242,0.2830065774553605,-1.0422065947653605,2.529384976993233,18.927278090693395,0.38792233580823593,1,1.0410026592849808,,
Case2-loop,0.2499776683007215,4,True,-0.001675233128153,0.6616948239639863,0.2830065774553605,-1.0422065947653605,0.6616969445801941,47.85238174210838,15.762100922055263,1,11.184956939024504,,
Case2-loop,0.2499776683007215,5,True,0.2209938259169259,-0.8381143904529205,0.2830065774553605,-1.0422065947653605,0.8667606374182384,46.524284433883835,16.210743831216547,1,11.509465501555015,,
Case2-loop,0.2499776683007215,6,True,0.4512953445651027,-2.5897807890276434,0.2830065774553605,-1.0422065947653605,2.6288080993565845,19.680631505174837,0.5681901289545717,1,1.0931154526230713,,
Case2-loop,0.2499776683007215,7,True,2.082340441949358,1.3370113938620716,0.2830065774553605,-1.0422065947653605,2.474619401745417,18.722851912718532,5.585809592645319e-16,2,0.8510615566912096,0.5256421281589047,1.6190893216114688
Case2-loop,0.2678332953040927,1,True,-1.6845278058514634,1.808309308293588,0.3016699964931946,-1.0350179318584676,2.4713592379797764,18.391786590512346,8.994541222939745e-16,2,0.8701489557153382,0.45541700691680076,1.9106641660273
Case2-loop,0.2678332953040927,2,True,-0.8357475676009177,-0.0139221322545118,0.3016699964931946,-1.0350179318584676,0.8358635190731575,39.83711866287866,16.030723273297927,1,11.351460922350675,,
Case2-loop,0.2678332953040927,3,True,-0.2906010321144582,2.482581066186618,0.3016699964931946,-1.0350179318584676,2.499531498112051,18.44176009711347,0.4059695290820926,1,1.0444935370784103,,
Case2-loop,0.2678332953040927,4,True,-0.0018993661307143,0.6570326833102493,0.3016699964931946,-1.0350179318584676,0.6570354286715175,46.150187221642426,15.353579826940315,1,10.896022663610239,,
Case2-loop,0.2678332953040927,5,True,0.2342368912524396,-0.8284108692914443,0.3016699964931946,-1.0350179318584676,0.8608899404591818,44.883386563832296,15.804979955305972,1,11.223548688953926,,
Case2-loop,0.2678332953040927,6,True,0.4891870699451986,-2.55030523116484,0.3016699964931946,-1.0350179318584676,2.596798174966302,19.167228102147174,0.58133987740388,1,1.0968591995730919,,
Case2-loop,0.2678332953040927,7,True,2.081601291248212,1.2719865430169477,0.3016699964931946,-1.0350179318584676,2.4394699631974213,18.214438988876203,8.456776945386935e-15,2,0.8300838618099202,0.5580099483441886,1.487578965703157
Case2-loop,0.2856889466787565,1,True,-1.6725382858729403,1.775666759897461,0.3201400070405559,-1.027345981892649,2.439339410560888,17.903128227045457,1.2216790079566664e-15,2,0.8519289101200074,0.4836380001474553,1.761501184481502
Case2-loop,0.2856889466787565,2,True,-0.8275701360901039,-0.0144536333254205,0.3201400070405559,-1.027345981892649,0.8276963438752758,38.6297735201988,15.45716859823121,1,10.946054572838154,,
Case2-loop,0.2856889466787565,3,True,-0.2909292050834544,2.4522723915086373,0.3201400070405559,-1.027345981892649,2.4694695147998855,17.956988497313006,0.424715468998039,1,1.0482535251070637,,
Case2-loop,0.2856889466787565,4,True,-0.0021484944902331,0.6521689581818757,0.3201400070405559,-1.027345981892649,0.6521724971544014,44.45642792322595,14.94391485083715,1,10.606236881220292,,
Case2-loop,0.2856889466787565,5,True,0.2470892175151653,-0.8181782050436743,0.3201400070405559,-1.027345981892649,0.8546745910700432,43.255640588798244,15.399252441775358,1,10.937712268674922,,
Case2-loop,0.2856889466787565,6,True,0.5275622716237348,-2.509631791181958,0.3201400070405559,-1.027345981892649,2.564483120972325,18.653810098588963,0.5955249772405428,1,1.1009961542909823,,
Case2-loop,0.2856889466787565,7,True,2.0772701663059783,1.2094553956807763,0.3201400070405559,-1.027345981892649,2.4037124823834923,17.705268841869497,5.555451931815725e-15,2,0.8008913749884154,0.59894963940722,1.3371597915662108
Case2-loop,0.3035446287191614,1,True,-1.6578412837984826,1.7450000995312671,0.3383966921970286,-1.019179368041913,2.4069613768464864,17.41466071171866,1.061650767297806e-15,2,0.8283194066447997,0.517826889812,1.5996067854752114
Case2-loop,0.3035446287191614,2,True,-0.8191704115828446,-0.0149792088516408,0.3383966921970286,-1.019179368041913,0.8193073537510989,37.41028038518974,14.90272074126008,1,10.554122121740335,,
Case2-loop,0.3035446287191614,3,True,-0.2904595663094391,2.42182166018983,0.3383966921970286,-1.019179368041913,2.4391775075679285,17.472558000102776,0.4442690387112073,1,1.052320955840749,,
Case2-loop,0.3035446287191614,4,True,-0.0024265381812583,0.6470721726974585,0.3383966921970286,-1.019179368041913,0.6470767224734287,42.7699135470769,14.532388132046407,1,10.315084685371854,,
Case2-loop,0.3035446287191614,5,True,0.2595152724817903,-0.8073940397599962,0.3383966921970286,-1.019179368041913,0.848076241909455,41.63936805614057,14.993121696225986,1,10.651649085661608,,
Case2-loop,0.3035446287191614,6,True,0.5662887290456351,-2.4676866415405696,0.3383966921970286,-1.019179368041913,2.531829434516057,18.139867630634747,0.6108608282712024,1,1.1055822815466052,,
Case2-loop,0.3035446287191614,7,True,2.069568159026704,1.1492956824841791,0.3383966921970286,-1.019179368041913,2.36727542348455,17.19479743487984,1.4654943925052066e-14,2,0.7443318026700289,0.6677013924663112,1.114767485987509
Case2-loop,0.3214003499730203,1,True,-1.6406344013538503,1.7161171105166104,0.3564172095665357,-1.010504050867686,2.3741817908310194,16.92597399225388,2.3757038003502373e-15,2,0.7946893862972265,0.5627322238816261,1.412198115856244
Case2-loop,0.3214003499730203,2,True,-0.8104990771721715,-0.0154992404960697,0.3564172095665357,-1.010504050867686,0.8106472602512739,36.178415251178656,14.364168438265814,1,10.173384231534477,,
Case2-loop,0.3214003499730203,3,True,-0.2892293680590862,2.391208406278285,0.3564172095665357,-1.010504050867686,2.408636807325628,16.988088102244618,0.4647502961830147,1,1.0567406874485403,,
Case2-loop,0.3214003499730203,4,True,-0.0027383233268286,0.6417051445198342,0.3564172095665357,-1.010504050867686,0.6417109870633847,41.089491312572065,14.118254518979914,1,10.022029629732907,,
Case2-loop,0.3214003499730203,5,True,0.2714742126255513,-0.7960316009930394,0.3564172095665357,-1.010504050867686,0.841049676238095,40.03292001317237,14.586147574429463,1,10.365051901380095,,
Case2-loop,0.3214003499730203,6,True,0.605213283571979,-2.424403196723325,0.3564172095665357,-1.010504050867686,2.4988025089819033,17.624892280566886,0.6274691201423024,1,1.1106789262292678,,
Case2-loop,0.3214003499730203,7,True,2.058679607264449,1.0913816360291415,0.3564172095665357,-1.010504050867686,2.3300805996420277,16.682473245320132,0.08806880589622017,0,,,
Case2-loop,0.3392561222965081,1,True,-1.6211114272457008,1.68880918935561,0.3741748395273948,-1.0013025940059772,2.3409567996010834,16.436686381660717,1.5785983631388945e-15,2,0.727405875288811,0.64211105137721,1.1328350037406445
Case2-loop,0.3392561222965081,2,True,-0.8015003927986609,-0.0160136036145495,0.3741748395273948,-1.0013025940059772,0.8016603489989583,34.933814104321485,13.8387124525323,1,9.801849671070741,,
Case2-loop,0.3392561222965081,3,True,-0.2872713902662788,2.360416306554854,0.3741748395273948,-1.0013025940059772,2.377833045425094,16.50323555296376,0.4862918815092005,1,1.061565101874615,,
Case2-loop,0.3392561222965081,4,True,-0.0030898546776607,0.6360235862085495,0.3741748395273948,-1.0013025940059772,0.6360310915478214,39.41406521165537,13.700737619289116,1,9.726510131273859,,
Case2-loop,0.3392561222965081,5,True,0.2829185439635256,-0.7840586760485686,0.3741748395273948,-1.0013025940059772,0.8335411867481268,38.434689400395776,14.177894874351848,1,10.077617225882578,,
Case2-loop,0.3392561222965081,6,True,0.6441604996050937,-2.379724688286734,0.3741748395273948,-1.0013025940059772,2.4653665734111176,17.10838176832371,0.6454764940792908,1,1.1163526248504934,,
Case2-loop,0.3392561222965081,7,True,2.0447562636699144,1.0355822236908514,0.3741748395273948,-1.0013025940059772,2.2920424777568664,16.16774236182667,0.13254443431054602,0,,,
Case2-loop,0.3571119625253942,1,True,-1.5994652924574055,1.662853855108935,0.3916376490776316,-0.9915532046128056,2.307243412652098,15.946462778199646,0.10464987892234734,0,,,
Case2-loop,0.3571119625253942,2,True,-0.7921100779190787,-0.0165215122259512,0.3916376490776316,-0.9915532046128056,0.7922823586999783,33.67602583091078,13.323873227041592,1,9.437748834932908,,
Case2-loop,0.3571119625253942,3,True,-0.2846171169538961,2.3294350346872346,0.3916376490776316,-0.9915532046128056,2.346758292643592,16.017713855831047,0.509040175358283,1,1.0668551475935604,,
Case2-loop,0.3571119625253942,4,True,-0.0034886891382559,0.6299742925804125,0.3916376490776316,-0.9915532046128056,0.6299839523861656,37.74262907125356,13.279027673629203,1,9.4279368181703,,
Case2-loop,0.3571119625253942,5,True,0.2937923589588965,-0.7714363235803016,0.3916376490776316,-0.9915532046128056,0.8254864938457351,36.8431356129419,13.767943398671278,1,9.789052319521517,,
Case2-loop,0.3571119625253942,6,True,0.682931563690555,-2.333607157900964,0.3916376490776316,-0.9915532046128056,2.431484708586801,16.589848638043982,0.6650124473862513,1,1.1226745758888224,,
Case2-loop,0.3571119625253942,7,True,2.0279208071603105,0.9817591039404536,0.3916376490776316,-0.9915532046128056,2.2530676284309994,15.65005845825705,0.16754270407778077,0,,,
Case2-loop,0.3749678951957793,8,True,-2.2259535980805496,-0.6251573256493398,0.4087665844711032,-0.9812284768625472,2.3120750642271064,15.653860827273164,0.30277843099723295,1,0.992392471111379,,
Case2-loop,0.3749678951957793,9,True,-2.0357074669155573,-1.0748784151105233,0.4087665844711032,-0.9812284768625472,2.3020574489196104,15.651588903066429,1.005705935197554e-15,2,0.9000231084443331,0.32212201743585395,2.794044056996383
Case2-loop,0.3749678951957793,1,True,-1.5758906618083082,1.6380189206176958,0.4087665844711032,-0.9812284768625472,2.2730018394792797,15.45504395846114,0.15822692788683007,0,,,
Case2-loop,0.3749678951957793,2,True,-0.7822527025763623,-0.0170212689251073,0.4087665844711032,-0.9812284768625472,0.7824378660851247,32.40457858013714,12.81742520166223,1,9.079485562905898,,
Case2-loop,0.3749678951957793,3,True,-0.2813001064009173,2.298263128015737,0.4087665844711032,-0.9812284768625472,2.315414251372278,15.53132394724262,0.5331558851830341,1,1.072681319160538,,
Case2-loop,0.3749678951957793,4,True,-0.0039444545223581,0.6234927796602494,0.4087665844711032,-0.9812284768625472,0.6235052566016932,36.07432273791908,12.8522832512785,1,9.125692059337814,,
Case2-loop,0.3749678951957793,5,True,0.3040289920734867,-0.7581172656603495,0.4087665844711032,-0.9812284768625472,0.816808065896478,35.25682975359913,13.355905694361072,1,9.499087514791041,,
Case2-loop,0.3749678951957793,6,True,0.7213033085103882,-2.286023003944152,0.4087665844711032,-0.9812284768625472,2.3971190286320527,16.06883573825835,0.6862060228182958,1,1.1297195513308653,,
Case2-loop,0.3749678951957793,7,True,2.008270161692645,0.929764191563165,0.4087665844711032,-0.9812284768625472,2.213054561970425,15.128901123662828,0.19844849649542323,0,,,
Case2-loop,0.3928239570976737,8,True,-2.2506334264851686,-0.3902601507106401,0.4255127010688291,-0.970293752666452,2.284218423366089,15.158063128887536,0.4437778444609213,1,1.0324319155322423,,
Case2-loop,0.3928239570976737,10,True,-1.8383882035018733,-1.3136730741344775,0.4255127010688291,-0.970293752666452,2.2595150215213824,15.135207158405395,3.021888295151598e-15,2,0.7959444781371017,0.5326849059670951,1.4942125621000206
Case2-loop,0.3928239570976737,1,True,-1.5505866385538891,1.6140687207831532,0.4255127010688291,-0.970293752666452,2.238199445776094,14.962293989249359,0.20157240832941908,0,,,
Case2-loop,0.3928239570976737,2,True,-0.771838423198501,-0.0175098700583915,0.4255127010688291,-0.970293752666452,0.7720370114670735,31.11907551044545,12.31735510742265,1,8.7256050660165,,
Case2-loop,0.3928239570976737,3,True,-0.2773599313380946,2.2669124300813146,0.4255127010688291,-0.970293752666452,2.2838170892540943,15.044002971412954,0.5588134435573752,1,1.0791243473059975,,
Case2-loop,0.3928239570976737,4,True,-0.0044695790541208,0.6165002061035347,0.4255127010688291,-0.970293752666452,0.6165164079427423,34.40852762040461,12.419640602675624,1,8.819134110159771,,
Case2-loop,0.3928239570976737,5,True,0.3135478762049743,-0.7440439161421648,0.4255127010688291,-0.970293752666452,0.8074116792695154,33.674535607722945,12.941457858431797,1,9.207497588474714,,
Case2-loop,0.3928239570976737,6,True,0.7590270942635697,-2.236965384947585,0.4255127010688291,-0.970293752666452,2.36223120445055,15.544943440090677,0.7091804576552057,1,1.1375638648694983,,
Case2-loop,0.3928239570976737,7,True,1.98587926305643,0.8794367260411046,0.4255127010688291,-0.970293752666452,2.1718944271182807,14.603808660950772,0.2272409462906112,0,,,
Case2-loop,0.4106802051017491,8,True,-2.2397757471927844,-0.2611575227950937,0.4418130708596922,-0.9587050146463588,2.2549498108440162,14.66581520766875,0.5205722929189032,1,1.0568946213817716,,
Case2-loop,0.4106802051017491,10,True,-1.683929024109882,-1.442244231830547,0.4418130708596922,-0.9587050146463588,2.217134498060085,14.609894855584583,0.1361380017418581,0,,,
Case2-loop,0.4106802051017491,1,True,-1.5237604369236164,1.5907730545774272,0.4418130708596922,-0.9587050146463588,2.2028174641361566,14.468277851108297,0.24075106881248728,0,,,
Case2-loop,0.4106802051017491,2,True,-0.7607589039604862,-0.0179823838917796,0.4418130708596922,-0.9587050146463588,0.7609714029354793,29.819346791521028,11.821846935059833,1,8.37477939541042,,
Case2-loop,0.4106802051017491,3,True,-0.2728471953032843,2.2354150382782785,0.4418130708596922,-0.9587050146463588,2.2520048812881255,14.555902932815705,0.5861980572473316,1,1.0862751445631118,,
Case2-loop,0.4106802051017491,4,True,-0.0050803282494348,0.6088993861876957,0.4418130708596922,-0.9587050146463588,0.6089205795790404,32.74503040815812,11.980238050343994,1,8.507610650758183,,
Case2-loop,0.4106802051017491,5,True,0.3222503080196917,-0.7291460594713159,0.4418130708596922,-0.9587050146463588,0.7971820601727901,32.095353289717444,12.524392914396579,1,8.914138763104168,,
Case2-loop,0.4106802051017491,6,True,0.7958270467760492,-2.1864541198221805,0.4418130708596922,-0.9587050146463588,2.3267836827835273,15.017877490424532,0.7340443038274351,1,1.1462817062139137,,
Case2-loop,0.4106802051017491,7,True,1.9608063181581423,0.8305997918244338,0.4418130708596922,-0.9587050146463588,2.129473510402908,14.074436274207411,0.25494949021588115,0,,,
Case2-loop,0.4285367299229881,8,True,-2.2189100090161795,-0.1712948711870787,0.4575846432181933,-0.9464062796735851,2.2255119772778533,14.176428352545027,0.5824934140132767,1,1.0773664161615528,,
Case2-loop,0.4285367299229881,10,True,-1.5466556312033026,-1.5273146245583276,0.4575846432181933,-0.9464062796735851,2.1736682368573708,14.076845181980078,0.21820301353613408,0,,,
Case2-loop,0.4285367299229881,1,True,-1.4956335020670264,1.5679200831516202,0.4575846432181933,-0.9464062796735851,2.1668624690218485,13.973390329491162,0.27797963768771444,0,,,
Case2-loop,0.4285367299229881,2,True,-0.7488823526250873,-0.0184309659992783,0.4575846432181933,-0.9464062796735851,0.7491091232797475,28.50570552467504,11.329304113791885,1,8.02581714504044,,
Case2-loop,0.4285367299229881,3,True,-0.2678303732193788,2.203834307728199,0.4575846432181933,-0.9464062796735851,2.220049270790777,14.067519572047921,0.6154982139641868,1,1.0942331079643834,,
Case2-loop,0.4285367299229881,4,True,-0.0057982881889045,0.6005697423134807,0.4575846432181933,-0.9464062796735851,0.600597731870844,31.08430689494838,11.533269709919047,1,8.1904911117117,,
Case2-loop,0.4285367299229881,5,True,0.3300137616882219,-0.7133383689439914,0.4575846432181933,-0.9464062796735851,0.7859775515313936,30.5189745815174,12.104713756996638,1,8.619013105069493,,
Case2-loop,0.4285367299229881,6,True,0.8313968095753151,-2.134544381974865,0.4575846432181933,-0.9464062796735851,2.2907423193350387,14.487533770200319,0.7608763391876749,1,1.155938591550255,,
Case2-loop,0.4285367299229881,7,True,1.9331014291432955,0.7830564180589628,0.4575846432181933,-0.9464062796735851,2.085679383131354,13.540659433502041,0.28221979966021143,0,,,
Case2-loop,0.4463936806248546,8,True,-2.1938277680136844,-0.1042933652353178,0.4727149400008915,-0.9333266662753392,2.1963053935507264,13.690560332214211,0.6389028209287013,1,1.0965364360460228,,
Case2-loop,0.4463936806248546,1,True,-1.4664526113069094,1.5453355762575072,0.4727149400008915,-0.9333266662753392,2.130386186693853,13.47857302492611,0.31438140630211797,0,,,
Case2-loop,0.4463936806248546,10,True,-1.420627969180912,-1.5854052855522376,0.4727149400008915,-0.9333266662753392,2.1287775239033446,13.536872965211648,0.2729871513213886,0,,,
Case2-loop,0.4463936806248546,2,True,-0.7360479309635319,-0.0188432906225005,0.4727149400008915,-0.9333266662753392,0.7362890915103797,27.17939406326144,10.838432918574574,1,7.677713162493388,,
Case2-loop,0.4463936806248546,3,True,-0.2624056292758187,2.17228250146136,0.4727149400008915,-0.9333266662753392,2.1880740344949166,13.57990677167465,0.6468894985739025,1,1.1031010218982416,,
Case2-loop,0.4463936806248546,4,True,-0.0066524814122948,0.5913612776724395,0.4727149400008915,-0.9333266662753392,0.5913986948238228,29.428020171236458,11.078096312826322,1,7.8672362983693285,,
Case2-loop,0.4463936806248546,5,True,0.3366844045756549,-0.6965184129208982,0.4727149400008915,-0.9333266662753392,0.7736241256723514,28.9461397782288,11.682796254531054,1,8.32238150180602,,
Case2-loop,0.4463936806248546,6,True,0.8653934933837804,-2.081340745623223,0.4727149400008915,-0.9333266662753392,2.2540818968667526,13.954149991299381,0.7896994774293885,1,1.1665796695411594,,
Case2-loop,0.4463936806248546,7,True,1.902822091109963,0.7365858754313006,0.4727149400008915,-0.9333266662753392,2.040414335937921,13.002758539755751,0.30950667496502515,0,,,
Case2-loop,0.4642513077235088,8,True,-2.1670302484010504,-0.052749839788223,0.4870479741421596,-0.9193779156970124,2.167672171497065,13.210044876085837,0.6933740573788973,1,1.115574954883219,,
Case2-loop,0.4642513077235088,1,True,-1.4365102445467333,1.522912946150874,0.4870479741421596,-0.9193779156970124,2.09351988866637,12.985682951141992,0.3506065188415066,0,,,
Case2-loop,0.4642513077235088,10,True,-1.3032446746068924,-1.6240495150969898,0.4870479741421596,-0.9193779156970124,2.082302453866391,12.991276593278322,0.3180660463995634,0,,,
Case2-loop,0.4642513077235088,2,True,-0.7220607737964889,-0.0192000526316069,0.4870479741421596,-0.9193779156970124,0.7223159994605137,25.843377168252157,10.348435531216783,1,7.329770671217629,,
Case2-loop,0.4642513077235088,3,True,-0.2567113634151144,2.140949302287693,0.4870479741421596,-0.9193779156970124,2.156284916023995,13.095036712389721,0.6805019370375105,1,1.1129731728647552,,
Case2-loop,0.4642513077235088,4,True,-0.0076823172373697,0.5810884255325944,0.4870479741421596,-0.9193779156970124,0.5811392056005903,27.77990244010462,10.614466665338279,1,7.537541469138001,,
Case2-loop,0.4642513077235088,5,True,0.3420678098995816,-0.6785669258322893,0.4870479741421596,-0.9193779156970124,0.7599101653504707,27.379458959768066,11.259676903141948,1,8.024962899076588,,
Case2-loop,0.4642513077235088,6,True,0.8974269687312634,-2.0270214881975366,0.4870479741421596,-0.9193779156970124,2.2167975274753307,13.418579373937604,0.8204352821351873,1,1.178208863907412,,
Case2-loop,0.4642513077235088,7,True,1.8700622017661963,0.6909420126568914,0.4870479741421596,-0.9193779156970124,1.9936232099694742,12.4617501836706,0.33714701346652987,0,,,
Case2-loop,0.4821100336849073,8,True,-2.139995950458081,-0.0124411991439105,0.500363541702984,-0.9044547319056524,2.1400321145751815,12.738353133020295,0.7475213995849463,1,1.1350809249880884,,
Case2-loop,0.4821100336849073,1,True,-1.4061810944481006,1.5006616493737812,0.500363541702984,-0.9044547319056524,2.0565336506569727,12.498114921145923,0.38701255224343734,0,,,
Case2-loop,0.4821100336849073,10,True,-1.1930596386634529,-1.6476244697191471,0.500363541702984,-0.9044547319056524,2.0342216434363953,12.44256545257861,0.35856962895357036,0,,,
Case2-loop,0.4821100336849073,2,True,-0.7066913946629066,-0.0194710654816992,0.500363541702984,-0.9044547319056524,0.7069595813634587,24.503751932966832,9.859403111544587,1,6.981857265348141,,
Case2-loop,0.4821100336849073,3,True,-0.2509498547659097,2.1101474363162,0.500363541702984,-0.9044547319056524,2.1250171840714285,12.616401455001856,0.7163568187816362,1,1.1239103825755854,,
Case2-loop,0.4821100336849073,4,True,-0.008941430012038,0.5695267965963592,0.500363541702984,-0.9044547319056524,0.569596981392959,26.147308278105786,10.142948992144875,1,7.2016208347004,,
Case2-loop,0.4821100336849073,5,True,0.3459192282517893,-0.6593547178898068,0.500363541702984,-0.9044547319056524,0.7445862988786862,25.82487841746074,10.83755649747143,1,7.728283191799592,,
Case2-loop,0.4821100336849073,6,True,0.9270425269991792,-1.9718820356698772,0.500363541702984,-0.9044547319056524,2.1789278577921305,12.882782593605391,0.8528252521099483,1,1.1907520978734834,,
Case2-loop,0.4821100336849073,7,True,1.8350067607931184,0.6458582957482447,0.500363541702984,-0.9044547319056524,1.9453490047657978,11.919977172892798,0.3653737051199925,0,,,
Case2-loop,0.4999705418238708,8,True,-2.113877568570739,0.0193940274787054,0.512349544633668,-0.888443957037037,2.1139665331334796,12.28147252800532,0.8018974828218115,1,1.1552966566051135,,
Case2-loop,0.4999705418238708,1,True,-1.3759837349441513,1.4787845207635264,0.512349544633668,-0.888443957037037,2.0199343795481743,12.021809642869078,0.423678752369277,0,,,
Case2-loop,0.4999705418238708,10,True,-1.0892189798302878,-1.6591466388924174,0.512349544633668,-0.888443957037037,1.9847331194320657,11.895548037744664,0.39662930607920455,0,,,
Case2-loop,0.4999705418238708,2,True,-0.6896891477780589,-0.0196095503953989,0.512349544633668,-0.888443957037037,0.689967865215138,23.172171581516224,9.373055133333985,1,6.634896349935265,,
Case2-loop,0.4999705418238708,3,True,-0.2454179442804746,2.080382068857061,0.512349544633668,-0.888443957037037,2.0948077524672377,12.149975986026266,0.7542504995182775,1,1.1358914516550198,,
Case2-loop,0.4999705418238708,4,True,-0.0105017570721227,0.5564211283255353,0.512349544633668,-0.888443957037037,0.556520223306093,24.543849692831735,9.665735154663004,1,6.860747158783464,,
Case2-loop,0.4999705418238708,5,True,0.3479389102248585,-0.6387659215728101,0.512349544633668,-0.888443957037037,0.7273811846695126,24.294202147655525,10.420648246461328,1,7.435262850262255,,
Case2-loop,0.4999705418238708,6,True,0.9536971617452312,-1.9164114099573613,0.512349544633668,-0.888443957037037,2.1406006093000327,12.350682559598074,0.886299909375982,1,1.203994997855861,,
Case2-loop,0.4999705418238708,7,True,1.798032173596371,0.6010698763424036,0.512349544633668,-0.888443957037037,1.8958387836348223,11.382120885769835,0.3942793415169803,0,,,
Case2-loop,0.5178334991309936,8,True,-2.0898167173944326,0.0447456149329422,0.5225747235174952,-0.8712554107879392,2.0902956925652814,11.84916140744862,0.8561574985462067,1,1.1761089853447,,
Case2-loop,0.5178334991309936,1,True,-1.346671431982685,1.457790184445873,0.5225747235174952,-0.8712554107879392,1.9846098275442021,11.566693821620735,0.4603121268058662,0,,,
Case2-loop,0.5178334991309936,10,True,-0.991338812856726,-1.661106586380388,0.5225747235174952,-0.8712554107879392,1.9344321474770028,11.358971956332221,0.43307049778765516,0,,,
Case2-loop,0.5178334991309936,2,True,-0.6708305058371883,-0.01954520850147,0.5225747235174952,-0.8712554107879392,0.6711151784434203,21.86959865385292,8.893980457751917,1,6.29170773384045,,
Case2-loop,0.5178334991309936,3,True,-0.2405434548652661,2.052441235347487,0.5225747235174952,-0.8712554107879392,2.066488852675774,11.705572283643264,0.7935608725979726,1,1.1487283529820782,,
Case2-loop,0.5178334991309936,4,True,-0.0124550476249745,0.5415233146333073,0.5225747235174952,-0.8712554107879392,0.5416665288743475,22.993394362997016,9.188001223527511,1,6.51818005985781,,
Case2-loop,0.5178334991309936,5,True,0.3477880401227102,-0.6167556511469567,0.5225747235174952,-0.8712554107879392,0.7080565331060101,22.808982002207802,10.016452939650943,1,7.151100784002767,,
Case2-loop,0.5178334991309936,6,True,0.976739736380662,-1.8614147955736235,0.5225747235174952,-0.8712554107879392,2.1021145434550803,11.829505778355484,0.9197843713989212,1,1.2174882030800105,,
Case2-loop,0.5178334991309936,7,True,1.759874565539552,0.5563715764837637,0.5225747235174952,-0.8712554107879392,1.8457269076307186,10.856761205855257,0.4237185229476057,0,,,
Case2-loop,0.5356996670030886,8,True,-2.0690851420428924,0.065166171570928,0.5304930398875944,-0.8528900392662356,2.0701110972457175,11.455997748267151,0.9089792194463298,1,1.196965276393125,,
Case2-loop,0.5356996670030886,1,True,-1.3193181713340036,1.4386083029105623,0.5304930398875944,-0.8528900392662356,1.9519718969327677,11.148003706024275,0.4960875432188986,0,,,
Case2-loop,0.5356996670030886,10,True,-0.8995383860454161,-1.656019979803196,0.5304930398875944,-0.8528900392662356,1.884561349883991,10.847320756581668,0.4678183282291143,0,,,
Case2-loop,0.5356996670030886,2,True,-0.6500295807734289,-0.01918018946872,0.5304930398875944,-0.8528900392662356,0.6503124906908491,20.630406304095725,8.431163946224322,1,5.95806605678384,,
Case2-loop,0.5356996670030886,3,True,-0.236904600346614,2.0274595991096747,0.5304930398875944,-0.8528900392662356,2.041253589265026,11.298032414809892,0.8330006631854913,1,1.1619503292810238,,
Case2-loop,0.5356996670030886,4,True,-0.0149048311544585,0.5246882515762824,0.5304930398875944,-0.8528900392662356,0.5248999098246437,21.534206541578733,8.719633953726257,1,6.1803688954690505,,
Case2-loop,0.5356996670030886,5,True,0.3451570109600858,-0.5934586899202314,0.5304930398875944,-0.8528900392662356,0.6865322853710073,21.40469192685391,9.637074640255552,1,6.884186358685672,,
Case2-loop,0.5356996670030886,6,True,0.995436028040346,-1.8081534689136016,0.5304930398875944,-0.8528900392662356,2.064052289324336,11.331277286924085,0.9514950359480626,1,1.2304429873981926,,
Case2-loop,0.5356996670030886,7,True,1.7218465942098764,0.5117239774165306,0.5304930398875944,-0.8528900392662356,1.796278687468942,10.35806457114859,0.45315236592189106,0,,,
Case2-loop,0.5535690813504279,8,True,-2.053009746314722,0.0819492392643927,0.5355432432352774,-0.8335384294717842,2.0546446642374083,11.120432173293764,0.9580944723998283,1,1.2168395598862796,,
Case2-loop,0.5535690813504279,1,True,-1.295278049852675,1.422579080404296,0.5355432432352774,-0.8335384294717842,1.9239221570619953,10.78560291327919,0.529567669280943,0,,,
Case2-loop,0.5535690813504279,10,True,-0.8144073249875526,-1.6467835331561689,0.5355432432352774,-0.8335384294717842,1.8371595728372907,10.380905752948113,0.5000143535558417,0,,,
Case2-loop,0.5535690813504279,2,True,-0.6275050680266608,-0.0183982756967585,0.5355432432352774,-0.8335384294717842,0.6277747262734923,19.502447718055972,7.998467529572796,1,5.643086391348262,,
Case2-loop,0.5535690813504279,3,True,-0.2351753440772256,2.0068201656873885,0.5355432432352774,-0.8335384294717842,2.0205530480221,10.94643624714044,0.8705013774688269,1,1.1747296980180428,,
Case2-loop,0.5535690813504279,4,True,-0.0179393877665273,0.5060307640191853,0.5355432432352774,-0.8335384294717842,0.5063486504053094,20.218298788835096,8.275939964033252,1,5.857499266588199,,
Case2-loop,0.5535690813504279,5,True,0.3399147494231117,-0.5693217488484594,0.5355432432352774,-0.8335384294717842,0.6630756296134288,20.130527708312858,9.299026882210676,1,6.645964171874848,,
Case2-loop,0.5535690813504279,6,True,1.0091150234727275,-1.7583580001147268,0.5355432432352774,-0.8335384294717842,2.027347031755004,10.872919413611442,0.9789493450625573,1,1.241719575179854,,
Case2-loop,0.5535690813504279,7,True,1.68594139624767,0.4673669856551641,0.5355432432352774,-0.8335384294717842,1.7495228752039618,9.905766942777657,0.48152642603237206,0,,,
Case2-loop,0.5714393592021408,8,True,-2.0426045063468035,0.096213070263131,0.537377670201208,-0.8136227081297867,2.0448692193482025,10.859564788677861,1.0008836087448063,1,1.234462525378038,,
Case2-loop,0.5714393592021408,1,True,-1.275843604921422,1.411120341128368,0.537377670201208,-0.8136227081297867,1.9023768084596517,10.49867362959981,0.5589936730777221,0,,,
Case2-loop,0.5714393592021408,10,True,-0.7365991341237298,-1.6365970198152495,0.537377670201208,-0.8136227081297867,1.7947222876144333,9.981094550097096,0.5283123470277882,0,,,
Case2-loop,0.5714393592021408,2,True,-0.6038709950710441,-0.017096076539636,0.537377670201208,-0.8136227081297867,0.6041129484799528,18.535750985256094,7.611471111956739,1,5.357136591300483,,
Case2-loop,0.5714393592021408,3,True,-0.2359452141509023,1.99174111645721,0.537377670201208,-0.8136227081297867,2.005667674134209,10.668880548661237,0.9036011272461841,1,1.1860135877803826,,
Case2-loop,0.5714393592021408,4,True,-0.0215913409049118,0.4860337115508895,0.537377670201208,-0.8136227081297867,0.4865130571382492,19.098181247711278,7.874505845650633,1,5.561410629322211,,
Case2-loop,0.5714393592021408,5,True,0.3322809474361377,-0.5451157442853322,0.537377670201208,-0.8136227081297867,0.6384056725130259,19.0371657710134,9.019109106209017,1,6.448070749964941,,
Case2-loop,0.5714393592021408,6,True,1.0174631271507784,-1.713855027929402,0.537377670201208,-0.8136227081297867,1.9931207369023916,10.47227740832873,0.9995308788703553,1,1.250075401692077,,
Case2-loop,0.5714393592021408,7,True,1.6544872115163964,0.4237755153711383,0.537377670201208,-0.8136227081297867,1.7078974268085818,9.520419811919462,0.5074174877529526,0,,,
Case2-loop,0.5893072206437232,8,True,-2.0381374291645376,0.1089101741869981,0.5360714285892267,-0.7936650846404864,2.041045223948473,10.68163107948389,1.0355021338956951,1,1.248838007635158,,
Case2-loop,0.5893072206437232,1,True,-1.2617075130176874,1.4051519972553908,0.5360714285892267,-0.7936650846404864,1.8884803371483885,10.297523665370365,0.5829920578327461,0,,,
Case2-loop,0.5893072206437232,10,True,-0.6660712486768761,-1.628314612498711,0.5360714285892267,-0.7936650846404864,1.7592780864862723,9.661474699734741,0.5515017953206801,0,,,
Case2-loop,0.5893072206437232,2,True,-0.5799537427853731,-0.0152187306683539,0.5360714285892267,-0.7936650846404864,0.5801533879362584,17.76186690475669,7.280714150640462,1,5.107204827506175,,
Case2-loop,0.5893072206437232,3,True,-0.2395079281636172,1.982728988425699,0.5360714285892267,-0.7936650846404864,1.9971425310169586,10.4746649948344,0.9303758991568033,1,1.1949070578127121,,
Case2-loop,0.5893072206437232,4,True,-0.0258222015775381,0.4654176432093441,0.5360714285892267,-0.7936650846404864,0.466133423715626,18.204137862519175,7.528004665849737,1,5.300643822287416,,
Case2-loop,0.5893072206437232,5,True,0.3228305299898472,-0.5216821012840882,0.5360714285892267,-0.7936650846404864,0.6134914554365914,18.154955052595714,8.807338451916056,1,6.297425992190479,,
Case2-loop,0.5893072206437232,6,True,1.020751548849712,-1.6758529277553076,0.5360714285892267,-0.7936650846404864,1.9622478844287543,10.140689641132397,1.0114792497079959,1,1.254630654472867,,
Case2-loop,0.5893072206437232,7,True,1.629306331719082,0.3813302808724039,0.5360714285892267,-0.7936650846404864,1.6733355627877264,9.21480372907589,0.5295528294247818,0,,,
Case2-loop,0.607171169679016,8,True,-2.0391109238997087,0.1207979472313093,0.5320770190069976,-0.7740676308835109,2.0426858554419036,10.583527597221119,1.0615710867039974,1,1.2596139059884424,,
Case2-loop,0.607171169679016,1,True,-1.2527394045522515,1.4048019210889138,0.5320770190069976,-0.7740676308835109,1.8822392125372993,10.18035086000655,0.601095087206996,0,,,
Case2-loop,0.607171169679016,10,True,-0.6016744974279747,-1.6237726829579755,0.5320770190069976,-0.7740676308835109,1.7316610311419922,9.423076240557306,0.5690032025377669,0,,,
Case2-loop,0.607171169679016,2,True,-0.5564362634857681,-0.0127636899880469,0.5320770190069976,-0.7740676308835109,0.5565826327726316,17.18296560925038,7.007398783253278,1,4.893838248126681,,
Case2-loop,0.607171169679016,3,True,-0.2458316629930473,1.9794394131021575,0.5320770190069976,-0.7740676308835109,1.9946462334640047,10.361430568716328,0.9501136715881409,1,1.2009893587019527,,
Case2-loop,0.607171169679016,4,True,-0.0305568422169288,0.444828331830273,0.5320770190069976,-0.7740676308835109,0.4458766257667851,17.5334647635301,7.239288792965152,1,5.07694571588129,,
Case2-loop,0.607171169679016,5,True,0.3122608923659881,-0.4995938034729661,0.5320770190069976,-0.7740676308835109,0.589152640127996,17.48292764195974,8.663527806530086,1,6.193858690938759,,
Case2-loop,0.607171169679016,6,True,1.019701176024175,-1.6445476166407569,0.5320770190069976,-0.7740676308835109,1.9350264473086356,9.878979028892726,1.0144006213897163,1,1.2551339285960124,,
Case2-loop,0.607171169679016,7,True,1.6110926962384895,0.3399705005556315,0.5320770190069976,-0.7740676308835109,1.6465720807547577,8.989450722650039,0.547278290397006,0,,,
Case2-loop,0.6250317476154058,8,True,-2.044658922339168,0.1324315595981523,0.5259827933212436,-0.7550184303101725,2.0489431975237298,10.555299695001814,1.0798627888090397,1,1.26699568568135,,
Case2-loop,0.6250317476154058,1,True,-1.24826201907562,1.4096279224047346,0.5259827933212436,-0.7550184303101725,1.882872525661212,10.137574337173103,0.613621384142361,0,,,
Case2-loop,0.6250317476154058,10,True,-0.541463721098965,-1.6237194203488796,0.5259827933212436,-0.7550184303101725,1.711621370889146,9.257768459961714,0.5808257245274285,0,,,
Case2-loop,0.6250317476154058,2,True,-0.5336707333934285,-0.0097527451468018,0.5259827933212436,-0.7550184303101725,0.5337598408634526,16.780099256779234,6.785365154010041,1,4.712373027549941,,
Case2-loop,0.6250317476154058,3,True,-0.2547195583102963,1.9810414366601643,0.5259827933212436,-0.7550184303101725,1.9973500512304698,10.319529947653198,0.9631465933757142,1,1.2042873458210417,,
Case2-loop,0.6250317476154058,4,True,-0.0357311335336538,0.4246438196674386,0.5259827933212436,-0.7550184303101725,0.4261444443910444,17.06094050927894,7.0031346286169205,1,4.886347846227448,,
Case2-loop,0.6250317476154058,5,True,0.3011480850108566,-0.4790516138686188,0.5259827933212436,-0.7550184303101725,0.5658450475667648,16.998159492986485,8.580380469449585,1,6.1322607404889595,,
Case2-loop,0.6250317476154058,6,True,1.0151074952099448,-1.6194056222373057,0.5259827933212436,-0.7550184303101725,1.9112607870631375,9.680382958566542,1.008881532244282,1,1.2518091287761106,,
Case2-loop,0.6250317476154058,7,True,1.5995444537541283,0.299167396747259,0.5259827933212436,-0.7550184303101725,1.627281042356275,8.836116769229873,0.560554942904804,0,,,
Case2-loop,0.6428901048501825,8,True,-2.053926636430908,0.1442001683693156,0.5183201089301469,-0.7365443827902469,2.05898234970534,10.585764657847538,1.09159852735762,1,1.2714441333242292,,
Case2-loop,0.6428901048501825,1,True,-1.2474437555596418,1.4189978567524917,0.5183201089301469,-0.7365443827902469,1.8893572559875775,10.157784340818228,0.6212477792511092,0,,,
Case2-loop,0.6428901048501825,2,True,-0.5117285680982911,-0.0062040367392906,0.5183201089301469,-0.7365443827902469,0.5117661746147256,16.527530471693517,6.605547011603731,1,4.555927228530947,,
Case2-loop,0.6428901048501825,10,True,-0.4832208709790543,-1.6281809998180918,0.5183201089301469,-0.7365443827902469,1.6983744517386021,9.154326000236718,0.5872269976121158,0,,,
Case2-loop,0.6428901048501825,3,True,-0.2659735940923939,1.9866347703314544,0.5183201089301469,-0.7365443827902469,2.0043601631055075,10.337783782076148,0.9702837009910267,1,1.20505763327181,,
Case2-loop,0.6428901048501825,4,True,-0.041313951608459,0.4049923975703219,0.5183201089301469,-0.7365443827902469,0.40709419633208205,16.755107643356933,6.810873923027913,1,4.72229980884141,,
Case2-loop,0.6428901048501825,5,True,0.2898677924051997,-0.4600008513346078,0.5183201089301469,-0.7365443827902469,0.5437132703019376,16.6711714310021,8.548425735194398,1,6.1060187089268245,,
Case2-loop,0.6428901048501825,6,True,1.0075639676844907,-1.599678044665953,0.5183201089301469,-0.7365443827902469,1.890543571453036,9.535729035520799,0.9958177743678084,1,1.2450510559207981,,
Case2-loop,0.6428901048501825,7,True,1.5938629634277834,0.258119956746773,0.5183201089301469,-0.7365443827902469,1.6146284582707415,8.743731962086878,0.569667272561453,0,,,
Case2-loop,0.6607471587041055,8,True,-2.066231954892233,0.1563799935498269,0.5094988860084851,-0.7185947276483032,2.0721412099083456,10.665458122902233,1.0979784269582382,1,1.2734518085069766,,
Case2-loop,0.6607471587041055,1,True,-1.249521562021343,1.4323262193427853,0.5094988860084851,-0.7185947276483032,1.9007531487736784,10.23104205660513,0.6246896108540245,0,,,
Case2-loop,0.6607471587041055,2,True,-0.4905209302909034,-0.0021181497277324,0.5094988860084851,-0.7185947276483032,0.4905255035283307,16.401582448404945,6.45892843777841,1,4.417388174082042,,
Case2-loop,0.6607471587041055,10,True,-0.4247337929654399,-1.636821058016793,0.5094988860084851,-0.7185947276483032,1.6910298551042862,9.102218374258173,0.5884248201764761,0,,,
Case2-loop,0.6607471587041055,3,True,-0.2794708735150048,1.995455043267517,0.5094988860084851,-0.7185947276483032,2.0149304699778128,10.406593479318971,0.972389707056852,1,1.2036080049069542,,
Case2-loop,0.6607471587041055,4,True,-0.0473074020949512,0.385848232607306,0.5094988860084851,-0.7185947276483032,0.3887375064219493,16.587840668518105,6.653617082965368,1,4.577861026227422,,
Case2-loop,0.6607471587041055,5,True,0.2786310880722444,-0.4422753792650692,0.5094988860084851,-0.7185947276483032,0.522726309213898,16.47520756741198,8.558960460161648,1,6.109056715459501,,
Case2-loop,0.6607471587041055,6,True,0.9973639360827842,-1.5847317571177166,0.5094988860084851,-0.7185947276483032,1.872460830836242,9.436640802627638,0.9759810444152079,1,1.23521926446977,,
Case2-loop,0.6607471587041055,7,True,1.593125714259784,0.215928236317055,0.5094988860084851,-0.7185947276483032,1.6076923041038484,8.702058868409658,0.5749709403605637,0,,,
Case2-loop,0.6786034752957929,8,True,-2.0810803072115083,0.1691793912393445,0.499815788766156,-0.7010950153698312,2.087945619857869,10.787331631189382,1.100005411721161,1,1.2734480769918446,,
Case2-loop,0.6786034752957929,1,True,-1.2538643378413166,1.449157423009425,0.499815788766156,-0.7010950153698312,1.9163071294480853,10.349781358972937,0.6245625266717105,0,,,
Case2-loop,0.6786034752957929,2,True,-0.4698852260675329,0.0025269062693171,0.499815788766156,-0.7010950153698312,0.4698920205024027,16.38358557708661,6.3375809193367765,1,4.290052416442897,,
Case2-loop,0.6786034752957929,10,True,-0.3638137119205555,-1.6491340109327417,0.499815788766156,-0.7010950153698312,1.6887875541335935,9.092891663696852,0.5844297183106676,0,,,
Case2-loop,0.6786034752957929,3,True,-0.2951790746334983,2.006913264548517,0.499815788766156,-0.7010950153698312,2.0285047541285857,10.518741236692964,0.9702029606096343,1,1.200211920613556,,
Case2-loop,0.6786034752957929,4,True,-0.0537414869411088,0.3671073190319862,0.499815788766156,-0.7010950153698312,0.37102012223799113,16.537237979355723,6.523482567152184,1,4.446496318593059,,
Case2-loop,0.6786034752957929,5,True,0.2675431029475509,-0.4256840451320844,0.499815788766156,-0.7010950153698312,0.5027784981627778,16.38916884635209,8.604966856903232,1,6.136471315312475,,
Case2-loop,0.6786034752957929,6,True,0.9844781093347312,-1.574179777902203,0.499815788766156,-0.7010950153698312,1.856674209686642,9.376600041667452,0.9498364840317196,1,1.2225466378196759,,
Case2-loop,0.6786034752957929,7,True,1.5964437889338745,0.17167173608421,0.499815788766156,-0.7010950153698312,1.605647519288001,8.702901335600432,0.5767666714692326,0,,,
Case2-loop,0.6964593741605952,8,True,-2.0981296580072453,0.1827697716226231,0.4894817033047933,-0.6839716983069648,2.106075224494269,10.946512186452512,1.0984637448386667,1,1.2717781324906339,,
Case2-loop,0.6964593741605952,1,True,-1.2599629729885475,1.4691740313574373,0.4894817033047933,-0.6839716983069648,1.9354531840675464,10.508653246936886,0.6213491027855181,0,,,
Case2-loop,0.6964593741605952,2,True,-0.4496267541566104,0.0077789332602012,0.4894817033047933,-0.6839716983069648,0.4496940402719116,16.45994929241811,6.234665378972177,1,4.16749065643339,,
Case2-loop,0.6964593741605952,3,True,-0.3131509317981055,2.0205693639160454,0.4894817033047933,-0.6839716983069648,2.0446916785868017,10.669195606276386,0.9642910316747036,1,1.195081522629304,,
Case2-loop,0.6964593741605952,10,True,-0.2981590274289424,-1.66450186719801,0.4894817033047933,-0.6839716983069648,1.6909953493558267,9.119810036002812,0.5749236805035903,0,,,
Case2-loop,0.6964593741605952,4,True,-0.0606711622813981,0.3486274734895176,0.4894817033047933,-0.6839716983069648,0.3538673553808829,16.58740989114101,6.413717756958062,1,4.322057351196938,,
Case2-loop,0.6964593741605952,5,True,0.2566475792567154,-0.4100476143203042,0.4894817033047933,-0.6839716983069648,0.48374272702347154,16.397526533186486,8.681069537697926,1,6.184498532972222,,
Case2-loop,0.6964593741605952,6,True,0.968512083489421,-1.5679243822766538,0.4894817033047933,-0.6839716983069648,1.8429331307463777,9.350967034906493,0.9174593985118907,1,1.207096250892156,,
Case2-loop,0.6964593741605952,7,True,1.6029910345956555,0.1244241548970497,0.4894817033047933,-0.6839716983069648,1.6078126841507052,8.740123724851982,0.5752560973463712,0,,,
Case2-loop,0.7143150317647551,8,True,-2.1171508984780703,0.1973053213979742,0.478647101063997,-0.6671606258595482,2.126324838019454,11.139856335589045,1.0939503936799548,1,1.2687104277246308,,
Case2-loop,0.7143150317647551,1,True,-1.2673991197708847,1.4921818891567165,0.478647101063997,-0.6671606258595482,1.957781223508725,10.704103936134594,0.615405315371153,0,,,
Case2-loop,0.7143150317647551,2,True,-0.4295308410365734,0.0137172670026107,0.478647101063997,-0.6671606258595482,0.4297498188662876,16.621365000919244,6.144030213842891,1,4.04302796300558,,
Case2-loop,0.7143150317647551,3,True,-0.3335173064321854,2.0360924935304143,0.478647101063997,-0.6671606258595482,2.0632271895990226,10.854681530623049,0.9550585386120648,1,1.1883649958075655,,
Case2-loop,0.7143150317647551,10,True,-0.2251031376625996,-1.682159202545519,0.478647101063997,-0.6671606258595482,1.6971537954157614,9.178106825027744,0.5590861838279204,0,,,
Case2-loop,0.7143150317647551,4,True,-0.0681777946409573,0.3302429619916766,0.478647101063997,-0.6671606258595482,0.33720709605098836,16.72740684084287,6.3183888559816195,1,4.1983895589917015,,
Case2-loop,0.7143150317647551,5,True,0.2459542621574721,-0.3952099518201507,0.478647101063997,-0.6671606258595482,0.46549372186004007,16.489361475342108,8.783208960914077,1,6.250284089987718,,
Case2-loop,0.7143150317647551,6,True,0.9485743157618532,-1.5661997130136236,0.478647101063997,-0.6671606258595482,1.831058375248322,9.356692447990229,0.8784207782141998,1,1.1887063382155054,,
Case2-loop,0.7143150317647551,7,True,1.611978963842865,0.073240422130883,0.478647101063997,-0.6671606258595482,1.6136419489173632,8.809311256801438,0.5705322997614057,0,,,
Case2-loop,0.7321705463381732,8,True,-2.13799635683513,0.2129356714455108,0.4674207728846259,-0.6506085863469199,2.1485739507902073,11.36555405277644,1.086915248544147,1,1.2644511660182582,,
Case2-loop,0.7321705463381732,1,True,-1.2758120106364652,1.5180937363909597,0.4674207728846259,-0.6506085863469199,1.9830040037664383,10.93397767952197,0.6069758286044082,0,,,
Case2-loop,0.7321705463381732,2,True,-0.4093566730202277,0.0204644266395392,0.4674207728846259,-0.6506085863469199,0.4098678793268322,16.861950222631997,6.059635470464967,1,3.9089081510122354,,
Case2-loop,0.7321705463381732,3,True,-0.3564852632010944,2.0532251264618395,0.4674207728846259,-0.6506085863469199,2.0839422167646084,11.073287446504857,0.9427665411170898,1,1.1801506756787612,,
Case2-loop,0.7321705463381732,10,True,-0.1411692756011394,-1.7010676278768235,0.4674207728846259,-0.6506085863469199,1.7069152992999488,9.264187416767204,0.5352121545478141,0,,,
Case2-loop,0.7321705463381732,4,True,-0.0763758809646369,0.3117633217443296,0.4674207728846259,-0.6506085863469199,0.3209823110051125,16.950154579213994,6.231921849747126,1,4.068706353220944,,
Case2-loop,0.7321705463381732,5,True,0.2354544094735366,-0.3810385077339622,0.4674207728846259,-0.6506085863469199,0.4479164244774427,16.657376389664567,8.908296018849432,1,6.331640694510959,,
Case2-loop,0.7321705463381732,6,True,0.9229447416521788,-1.5696783840638635,0.4674207728846259,-0.6506085863469199,1.8209110976488525,9.39202065333514,0.8314941890433759,1,1.1668553089140872,,
Case2-loop,0.7321705463381732,7,True,1.6226114003095042,0.0171353077822847,0.4674207728846259,-0.6506085863469199,1.622701875018071,8.907406263487875,0.5625803042681783,0,,,
Case2-loop,0.7500259737075397,8,True,-2.1605773126659025,0.2298145385117729,0.4558827008288461,-0.6342723329756338,2.172765299363461,11.622835543750519,1.0776961475106772,1,1.2591582326638238,,
Case2-loop,0.7500259737075397,1,True,-1.284867439131177,1.5469183378471858,0.4558827008288461,-0.6342723329756338,2.0109303021505767,11.19721398580342,0.5962061673539114,0,,,
Case2-loop,0.7500259737075397,2,True,-0.3888149653451813,0.0282094727673032,0.4558827008288461,-0.6342723329756338,0.3898369551879141,17.178566979386822,5.974779320976307,1,3.7549170075706604,,
Case2-loop,0.7500259737075397,3,True,-0.3823429813774446,2.0717533520375637,0.4558827008288461,-0.6342723329756338,2.106738737263706,11.324170953247721,0.927547953033368,1,1.1704705196993774,,
Case2-loop,0.7500259737075397,4,True,-0.0854271969556786,0.2929596478668858,0.4558827008288461,-0.6342723329756338,0.3051608776661812,17.25162382529364,6.148547475680142,1,3.9246539205469553,,
Case2-loop,0.7500259737075397,10,True,-0.0411200281954585,-1.719619846065758,0.4558827008288461,-0.6342723329756338,1.720111412584085,9.375371073935721,0.4996763489259023,0,,,
Case2-loop,0.7500259737075397,5,True,0.2251292266207882,-0.3674211264397921,0.4558827008288461,-0.6342723329756338,0.43090770802244865,16.897113467527767,9.0539178020431,1,6.426840749555233,,
Case2-loop,0.7500259737075397,6,True,0.8882294822602423,-1.579749318339642,0.4558827008288461,-0.6342723329756338,1.8123353778897717,9.456281654251127,0.7738072283365163,1,1.1402781934514585,,
Case2-loop,0.7500259737075397,7,True,1.6340296292392034,-0.0449372297735185,0.4558827008288461,-0.6342723329756338,1.6346474188189104,9.032416563655161,0.5512776784052544,0,,,
Case2-loop,0.7678813464260398,8,True,-2.184848517957382,0.2481062297977052,0.4440927209962927,-0.618116945228428,2.1988905720123957,11.911771948635849,1.066546068224186,1,1.2529525836013577,,
Case2-loop,0.7678813464260398,1,True,-1.2942273236790842,1.5787572136922638,0.4440927209962927,-0.618116945228428,2.0414452491171264,11.493636831663022,0.5831471815584104,0,,,
Case2-loop,0.7678813464260398,3,True,-0.4114727581020838,2.091481158868648,0.4440927209962927,-0.618116945228428,2.131572956425062,11.60735762016235,0.9094131528305709,1,1.1592997540930439,,
Case2-loop,0.7678813464260398,11,True,-0.410546552752152,0.3436284565341599,0.4440927209962927,-0.618116945228428,0.535377425856493,17.388622836751555,4.528767581709841,1,2.2049551153449074,,
Case2-loop,0.7678813464260398,2,True,-0.3675201708715637,0.0372571744421456,0.4440927209962927,-0.618116945228428,0.3694038075668358,17.570342760378807,5.880873945036197,1,3.5657451324603757,,
Case2-loop,0.7678813464260398,12,True,-0.3426864450284425,0.2657874061923438,0.4440927209962927,-0.618116945228428,0.43367838878215464,17.372494359624245,2.9176401758147557,0,,,
Case2-loop,0.7678813464260398,4,True,-0.0955679475908466,0.2735345546870535,0.4440927209962927,-0.618116945228428,0.28974883125661,17.63024313034376,6.0615784207173204,1,3.7547601245681936,,
Case2-loop,0.7678813464260398,10,True,0.0847526178164376,-1.734822361790922,0.4440927209962927,-0.618116945228428,1.7368913705803743,9.509538950994422,0.44321914214197733,0,,,
Case2-loop,0.7678813464260398,5,True,0.2149542642416917,-0.3542619917537709,0.4440927209962927,-0.618116945228428,0.41437530635528447,17.206395174309613,9.218095591212517,1,6.534444822648639,,
Case2-loop,0.7678813464260398,6,True,0.8367541212721232,-1.5993307715809593,0.4440927209962927,-0.618116945228428,1.8049976111872363,9.549824246518195,0.6978024735027885,1,1.105629249997904,,
Case2-loop,0.7678813464260398,7,True,1.645249005982587,-0.1140971618252947,0.4440927209962927,-0.618116945228428,1.6492005499705844,9.183207783504594,0.5363930181055991,0,,,
Case2-loop,0.7857366839921652,8,True,-2.210797622340672,0.2679911495306764,0.4320963591601678,-0.6021142136497161,2.2269812264978666,12.233149172384335,1.053653353826273,1,1.2459270437935865,,
Case2-loop,0.7857366839921652,1,True,-1.303515739202271,1.613810302819742,0.4320963591601678,-0.6021142136497161,2.0744968006326716,11.823817324686594,0.5677485832102915,0,,,
Case2-loop,0.7857366839921652,3,True,-0.4443745759578573,2.1122050539312194,0.4320963591601678,-0.6021142136497161,2.158443641518191,11.92361365543442,0.8882420026328651,1,1.1465504334734709,,
Case2-loop,0.7857366839921652,11,True,-0.4389436035731205,0.3765707532084049,0.4320963591601678,-0.6021142136497161,0.5783398821538267,18.075097524216723,5.034081479861742,1,3.021522722152763,,
Case2-loop,0.7857366839921652,2,True,-0.3448820080069669,0.0481451091941365,0.4320963591601678,-0.6021142136497161,0.3482262927842079,18.038369664057914,5.765013534597079,1,3.3148781717553346,,
Case2-loop,0.7857366839921652,12,True,-0.3011432379652302,0.217541400414044,0.4320963591601678,-0.6021142136497161,0.37149900493310434,17.933269995406594,3.172436499368465,0,,,
Case2-loop,0.7857366839921652,4,True,-0.1071626512077653,0.2530602018713634,0.4320963591601678,-0.6021142136497161,0.27481502794616663,18.08650768065681,5.962339716146087,1,3.5415063603111085,,
Case2-loop,0.7857366839921652,5,True,0.2049014846058385,-0.341477666734201,0.4320963591601678,-0.6021142136497161,0.39823562782843863,17.584950346157104,9.399076045735907,1,6.653152172939905,,
Case2-loop,0.7857366839921652,10,True,0.2636718716437759,-1.7386670856839703,0.4320963591601678,-0.6021142136497161,1.758546584750294,9.66456193814145,0.32567996336202804,0,,,
Case2-loop,0.7857366839921652,6,True,0.743627501658422,-1.6365211657139374,0.4320963591601678,-0.6021142136497161,1.7975492724964317,9.674290699695383,0.5725406433585433,1,1.049750575070176,,
Case2-loop,0.7857366839921652,7,True,1.6550853127982104,-0.1915330895166674,0.4320963591601678,-0.6021142136497161,1.6661309423392117,9.359369407756816,0.5175857711197671,0,,,
Case2-loop,0.8035919983955813,8,True,-2.2384378943453966,0.2896710154756458,0.4199288034841757,-0.5862412597523943,2.257102900633497,12.588396738555794,1.0391565462505892,1,1.2381529939979457,,
Case2-loop,0.8035919983955813,1,True,-1.3122746910055,1.6523931975521209,0.4199288034841757,-0.5862412597523943,2.110087236104257,12.188992094410017,0.5498361189269361,0,,,
Case2-loop,0.8035919983955813,3,True,-0.4817054708879306,2.13368411491455,0.4199288034841757,-0.5862412597523943,2.1873838398694567,12.27437504690887,0.8637561576984625,1,1.1320555503940923,,
Case2-loop,0.8035919983955813,11,True,-0.4540912586570029,0.3943280868810513,0.4199288034841757,-0.5862412597523943,0.601409603591405,18.879291078019012,5.364416598983942,1,3.426659304730321,,
Case2-loop,0.8035919983955813,2,True,-0.3197993776357284,0.0619939759619789,0.4199288034841757,-0.5862412597523943,0.32575281271506107,18.58556406683362,5.603588481263516,1,2.9461721566184025,,
Case2-loop,0.8035919983955813,12,True,-0.2736681932062191,0.1835935098976122,0.4199288034841757,-0.5862412597523943,0.3295464411115391,18.54106600411848,3.2288097606625477,0,,,
Case2-loop,0.8035919983955813,4,True,-0.1208207013728285,0.2308367274890549,0.4199288034841757,-0.5862412597523943,0.260544116491005,18.622728478257518,5.838472119725402,1,3.2550521810469584,,
Case2-loop,0.8035919983955813,5,True,0.194939889547447,-0.3289934224137686,0.4199288034841757,-0.5862412597523943,0.3824110779361592,18.034183375735218,9.59513105186087,1,6.781655620561608,,
Case2-loop,0.8035919983955813,7,True,1.6620724454001048,-0.278454983424864,0.4199288034841757,-0.5862412597523943,1.685236479415404,9.561143661247211,0.49442051384697233,0,,,
Case2-loop,0.8214472971941729,8,True,-2.2678031124602764,0.3133742607484214,0.407617648841755,-0.570479422191042,2.289352394059101,12.979558886793024,1.0231552652440588,1,1.229685479343917,,
Case2-loop,0.8214472971941729,1,True,-1.3198977105670275,1.6949719816385669,0.407617648841755,-0.570479422191042,2.148269067156126,12.591024169357672,0.5290601702491495,0,,,
Case2-loop,0.8214472971941729,3,True,-0.5243455980520173,2.1555977463642035,0.407617648841755,-0.570479422191042,2.2184544057354345,12.66172098240574,0.8354582146643527,1,1.1155367931922264,,
Case2-loop,0.8214472971941729,11,True,-0.4644940558750337,0.4066262046312653,0.407617648841755,-0.570479422191042,0.6173326479589967,19.80196896481198,5.651437131492289,1,3.7301242777194825,,
Case2-loop,0.8214472971941729,2,True,-0.2892887766272086,0.0822119905325274,0.407617648841755,-0.570479422191042,0.30074375749097,19.21675965254341,5.334695264717535,1,2.2803084528674114,,
Case2-loop,0.8214472971941729,12,True,-0.2535163495017857,0.1520896488501711,0.407617648841755,-0.570479422191042,0.2956379555335883,19.20770301377811,4.091534734693358,0,,,
Case2-loop,0.8214472971941729,4,True,-0.1376755721199443,0.2055061979082677,0.407617648841755,-0.570479422191042,0.2473607902179852,19.242850360486553,5.671973115627676,1,2.838396576185769,,
Case2-loop,0.8214472971941729,5,True,0.1850351155011879,-0.3167397264104906,0.407617648841755,-0.570479422191042,0.3668270004445289,18.557052903569062,9.804337433874643,1,6.918479720074254,,
Case2-loop,0.8214472971941729,7,True,1.6643882787253583,-0.3759525131463233,0.407617648841755,-0.570479422191042,1.706320202804678,9.789412562316931,0.46643296491167685,0,,,
Case2-loop,0.8393025852638434,8,True,-2.298943850678682,0.3393619779672279,0.3951848232541485,-0.5548133798111985,2.3238565748907907,13.409299952498749,1.0057182651977266,1,1.220567199321722,,
Case2-loop,0.8393025852638434,1,True,-1.3255169586264604,1.7422294537360814,0.3951848232541485,-0.5548133798111985,2.189145650036074,13.032397303262838,0.5047860176858738,0,,,
Case2-loop,0.8393025852638434,3,True,-0.5735147446908156,2.1774762324396137,0.3951848232541485,-0.5548133798111985,2.2517375302679454,13.08838449218274,0.8025057540219903,1,1.096540124749814,,
Case2-loop,0.8393025852638434,11,True,-0.4722442440374847,0.415860081797525,0.3951848232541485,-0.5548133798111985,0.6292489441065273,20.8509420854072,5.924803914169674,1,3.991468011394769,,
Case2-loop,0.8393025852638434,4,True,-0.1599018272810111,0.1737721707382492,0.3951848232541485,-0.5548133798111985,0.23614690701105856,19.95210555360916,5.452517160708868,1,2.187574015065964,,
Case2-loop,0.8393025852638434,5,True,0.1751480707772777,-0.3046485799740577,0.3951848232541485,-0.5548133798111985,0.3514080306100191,19.158035756938492,10.02429837227901,1,7.061774002065913,,
Case2-loop,0.8393025852638434,7,True,1.6598526684654251,-0.4846470964263533,0.3951848232541485,-0.5548133798111985,1.7291598217302782,10.045747659665103,0.4333465312573324,0,,,
Case2-loop,0.8571578658184285,8,True,-2.331924613120253,0.3679347082757196,0.3826479622666852,-0.5392304679555477,2.360772829145147,13.880939887174165,0.9868895265534214,1,1.2108317521948997,,
Case2-loop,0.8571578658184285,1,True,-1.3277864428860189,1.7951964699883487,0.3826479622666852,-0.5392304679555477,2.2328786809342187,13.516237569065616,0.4758449725098531,0,,,
Case2-loop,0.8571578658184285,3,True,-0.6309965069874096,2.1985697034612013,0.3826479622666852,-0.5392304679555477,2.2873271153920656,13.557798013873711,0.7634366330249884,1,1.0742987371311665,,
Case2-loop,0.8571578658184285,11,True,-0.4782586398882874,0.4230813780414062,0.3826479622666852,-0.5392304679555477,0.6385367484125012,22.03818364532337,6.1971885330625796,1,4.233748627433399,,
Case2-loop,0.8571578658184285,4,True,-0.1806654123786739,0.1327466252084319,0.3826479622666852,-0.5392304679555477,0.2241911187674128,20.75441657061189,5.4563627735847255,1,1.8033736561504352,,
Case2-loop,0.8571578658184285,5,True,0.1652323844216035,-0.292649190986381,0.3826479622666852,-0.5392304679555477,0.33607333998196265,19.84315830077586,10.251747467303938,1,7.209017160137419,,
Case2-loop,0.8571578658184285,7,True,1.6461842699210485,-0.6039321179122175,0.3826479622666852,-0.5392304679555477,1.753469889556542,10.332537462429435,0.39567112246998715,0,,,
Case2-loop,0.8750131410185004,8,True,-2.366821413715411,0.3994403566833893,0.3700214049612846,-0.5237201465936226,2.4002908579939164,14.39851881954856,0.9666930418941577,1,1.2005064423428726,,
Case2-loop,0.8750131410185004,1,True,-1.3244003400597415,1.8555436520381865,0.3700214049612846,-0.5237201465936226,2.2797101801258792,14.046356677945829,0.43988572882018456,0,,,
Case2-loop,0.8750131410185004,3,True,-0.6996313043389022,2.217560015498095,0.3700214049612846,-0.5237201465936226,2.3253078042157913,14.074177106661134,0.7154885056916691,1,1.0474022325818066,,
Case2-loop,0.8750131410185004,11,True,-0.4830374722417609,0.4288654053840899,0.3700214049612846,-0.5237201465936226,0.6459494837252908,23.379443435274652,6.475761847476021,1,4.468735097692334,,
Case2-loop,0.8750131410185004,4,True,-0.173576064041164,0.1031283001083539,0.3700214049612846,-0.5237201465936226,0.2019012042838303,21.646607911858062,5.97326517189052,1,2.5195622893603966,,
Case2-loop,0.8750131410185004,5,True,0.1552300092142985,-0.2806621039866222,0.3700214049612846,-0.5237201465936226,0.32072974975026675,20.620079196274435,10.481931327017499,1,7.356553942237165,,
Case2-loop,0.8750131410185004,7,True,1.6219261526464133,-0.7305973105862514,0.3700214049612846,-0.5237201465936226,1.7788807927666934,10.653211218342356,0.35604228553943607,0,,,
Case2-loop,0.8928684123431692,8,True,-2.403719478770645,0.4342835057061376,0.3573169265833297,-0.5082735857358496,2.4426357681713076,14.966892169604208,0.9451368426771759,1,1.1896149253580441,,
Case2-loop,0.8928684123431692,1,True,-1.3107676309127398,1.926375008896532,0.3573169265833297,-0.5082735857358496,2.330028424107678,14.627306348442463,0.3912124806794698,0,,,
Case2-loop,0.8928684123431692,3,True,-0.784657505389034,2.231774101132886,0.3573169265833297,-0.5082735857358496,2.3656929300420297,14.642656031721264,0.6524894811109543,1,1.012805937361609,,
Case2-loop,0.8928684123431692,11,True,-0.4868891081452369,0.4335678410135431,0.3573169265833297,-0.5082735857358496,0.6519525108407891,24.894496073390407,6.7654557738176795,1,4.703594884205081,,
Case2-loop,0.8928684123431692,4,True,-0.1583899888404659,0.0801965789362788,0.3573169265833297,-0.5082735857358496,0.1775355734436502,22.631610776497286,6.583705532891371,1,3.237987736249633,,
Case2-loop,0.8928684123431692,5,True,0.1450635095304854,-0.2685901106785966,0.3573169265833297,-0.5082735857358496,0.30526065804758074,21.49820172389277,10.707566502119631,1,7.4988107351876065,,
Case2-loop,0.8928684123431692,7,True,1.5884139014177807,-0.8573643357964145,0.3573169265833297,-0.5082735857358496,1.8050297300911369,11.01254105724884,0.32095249504385714,0,,,
Case2-loop,0.9107236808222682,8,True,-2.44271079576086,0.4729363791904271,0.3445442850056731,-0.4928833408756578,2.4880725171281495,15.591860348263989,0.9222167790416149,1,1.1781799652144902,,
Case2-loop,0.9107236808222682,1,True,-1.274590182331852,2.015435400683033,0.3445442850056731,-0.4928833408756578,2.38465091517042,15.264399969775472,0.3088718693550927,0,,,
Case2-loop,0.9107236808222682,3,True,-0.8991543474469356,2.2339873556992336,0.3445442850056731,-0.4928833408756578,2.408148260792258,15.269527215324313,0.5546889395028355,1,0.9613267865713062,,
Case2-loop,0.9107236808222682,11,True,-0.4900191813686058,0.4374265695486752,0.3445442850056731,-0.4928833408756578,0.6568567590093601,26.607738761453852,7.0702284783051,1,4.943346305271749,,
Case2-loop,0.9107236808222682,4,True,-0.1416602498674538,0.0590433028180383,0.3445442850056731,-0.4928833408756578,0.15347227111166373,23.7176697568306,7.252770223519093,1,3.921941831600972,,
Case2-loop,0.9107236808222682,5,True,0.1346217042452161,-0.2563023548381736,0.3445442850056731,-0.4928833408756578,0.2895063045073103,22.488771622553724,10.916926626210266,1,7.626853798278984,,
Case2-loop,0.9107236808222682,7,True,1.5515223846046065,-0.9739781013743124,0.3445442850056731,-0.4928833408756578,1.8318993017865022,11.416876991722681,0.2993752851879943,0,,,
Case2-loop,0.9285789471838538,8,True,-2.483891263444382,0.5159516452793496,0.3317116336779281,-0.4775430974887999,2.5369118843353227,16.280339829195412,0.8979206181573839,1,1.1662266133927544,,
Case2-loop,0.9285789471838538,11,True,-0.4925725828087958,0.4406096926667681,0.3317116336779281,-0.4775430974887999,0.660881722100734,28.549096150993,7.3936678123814685,1,5.191954774868297,,
Case2-loop,0.9285789471838538,4,True,-0.1241947000388808,0.0383319066635962,0.3317116336779281,-0.4775430974887999,0.1299756076585689,24.912743936607768,8.009220127986882,1,4.625526181023884,,
Case2-loop,0.9285789471838538,5,True,0.1237303962150902,-0.2436029395060325,0.3317116336779281,-0.4775430974887999,0.2732244555004602,23.604851578588264,11.089968630305362,1,7.7254620140358625,,
Case2-loop,0.9285789471838538,7,True,1.519608855099974,-1.072923453988456,0.3317116336779281,-0.4775430974887999,1.8602085395505452,11.874075488651656,0.2950911710376046,0,,,
Case2-loop,0.94643421195015,8,True,-2.527357247397669,0.5639770863992688,0.3188258374890512,-0.4622474686336608,2.589518258278348,17.04058571348823,0.8722331861263871,1,1.153786196963718,,
Case2-loop,0.94643421195015,11,True,-0.4946556759622105,0.4432409522406329,0.3188258374890512,-0.4622474686336608,0.664188813143382,30.755270339333645,7.739335614567473,1,5.452902945926827,,
Case2-loop,0.94643421195015,4,True,-0.1058234962129262,0.0172070733443563,0.3188258374890512,-0.4622474686336608,0.1072133187799224,26.221312225088276,8.905582121310603,1,5.405575710593399,,
Case2-loop,0.94643421195015,5,True,0.1120844056856966,-0.2301594085305369,0.3188258374890512,-0.4622474686336608,0.25600052213431596,24.86086687969461,11.189345716768363,1,7.766313024902934,,
Case2-loop,0.94643421195015,7,True,1.498507845842621,-1.1538822328062777,0.3188258374890512,-0.4622474686336608,1.8912879133643015,12.393190411882545,0.3029210048665231,0,,,
Case2-loop,0.9642894755006896,8,True,-2.5732014669928347,0.6177718051485066,0.3058927171128283,-0.4469918335588225,2.6463196694599316,17.882480248812623,0.84514358248682,1,1.140901628354032,,
Case2-loop,0.9642894755006896,11,True,-0.4963490829211242,0.4454143794138047,0.3058927171128283,-0.4469918335588225,0.6669005784262192,33.271424964529146,8.111003736072941,1,5.729532288564329,,
Case2-loop,0.9642894755006896,4,True,-0.0857566159443042,-0.0054695858717714,0.3058927171128283,-0.4469918335588225,0.08593086493121997,27.635950525179275,10.05125859507265,1,6.354526904790722,,
Case2-loop,0.9642894755006896,5,True,0.0990552171089343,-0.2153038466411504,0.3058927171128283,-0.4469918335588225,0.23699722026845405,26.27071482091256,11.134725483871081,1,7.688420081921542,,
Case2-loop,0.9642894755006896,7,True,1.4899020608782758,-1.2214171378635026,0.3058927171128283,-0.4469918335588225,1.9265689646820339,12.984374573402597,0.31539319146225886,0,,,
Case2-loop,0.9821447381147084,8,True,-2.621508444865832,0.6782228994723106,0.292917240029819,-0.4317722081456926,2.7078206786771353,18.817907693578338,0.8166560010473566,1,1.127634726382079,,
Case2-loop,0.9821447381147084,11,True,-0.4977155316283713,0.4472032974351184,0.292917240029819,-0.4317722081456926,0.669112501498033,36.15344529619166,8.512849253597874,1,6.025281270501156,,
Case2-loop,0.9821447381147084,4,True,-0.0616579855696831,-0.0323949656897983,0.292917240029819,-0.4317722081456926,0.06965013271024298,29.10393361825631,11.788020376215442,1,7.735573452798058,,
Case2-loop,0.9821447381147084,5,True,0.0829167222353723,-0.1972546227448588,0.292917240029819,-0.4317722081456926,0.2139732904370881,27.83997489708128,10.695656631689571,1,7.315913735887285,,
Case2-loop,0.9821447381147084,7,True,1.4932300150151356,-1.28084525508505,0.292917240029819,-0.4317722081456926,1.9673079182517383,13.659177916600274,0.32786124373347614,0,,,
Case2-loop,1.0,8,True,-2.672350457426498,0.7463601209221988,0.2799036713401263,-0.4165851402096815,2.7746189643644064,19.86124428445507,0.7868064546320419,1,1.1140764457600731,,
Case2-loop,1.0,11,True,-0.4988049231679117,0.4486661438180557,0.2799036713401263,-0.4165851402096815,0.6709006334660227,39.470986104627585,8.949645386368166,1,6.343881022049306,,
Case2-loop,1.0,4,True,-0.013415788563666,-0.0855587827603864,0.2799036713401263,-0.4165851402096815,0.0866042071161903,30.09272906460727,21.45437283673698,1,14.907568941191021,,
Case2-loop,1.0,5,True,0.0512920826898218,-0.1650485949076438,0.2799036713401263,-0.4165851402096815,0.1728349398346498,29.50736344547846,7.948677630434887,1,5.1415061675412845,,
Case2-loop,1.0,7,True,1.5074666648493242,-1.3364667632225844,0.2799036713401263,-0.4165851402096815,2.014596524078853,14.431090877117864,0.33837484595881684,0,,,
