component,s,branch_id,x,y,residual,det_hessian,jacobi,max_real_eigenvalue
Case1-arc,0.0,1,-1.748492288276684,1.7925312904477122,0.0,-18.76340930208569,10.459966702006676,2.2620289564881815
Case1-arc,0.0,2,-1.2322314993991836,0.46664626706561574,4.965068306494546e-16,-44.60336728193011,7.290006105355287,3.0087244070520285
Case1-arc,0.0,3,-0.44679006293345125,1.1462248929901953,5.978733960281817e-16,-51.96974610325136,7.117663975794118,3.1158630414686046
Case1-arc,0.0,4,-0.03309948501758494,-0.06781201834687525,1.734723475976807e-16,-1264.4207045809894,3.63447200725499,7.076926954485913
Case1-arc,0.0,5,0.4517376594728745,-0.4682234163989427,0.0,1.2975255657982212,2.8352858160907504,0.424449761821447
Case1-arc,0.01738883972814304,1,-1.7387724081129234,1.780755400531448,4.440892098500626e-16,-17.97923812603513,10.423182840800102,2.234271132991495
Case1-arc,0.01738883972814304,2,-1.2184646243567367,0.4743415308346006,7.021666937153402e-16,-49.88414775007762,7.460236324510973,3.0980789508047972
Case1-arc,0.01738883972814304,3,-0.45399884599867824,1.1351949937196941,1.1102230246251565e-16,-57.15332381468066,7.2913182523637765,3.1963421686775373
Case1-arc,0.01738883972814304,4,-0.08044955777669553,-0.02148167875171254,9.570895620573757e-17,-263.9055292889201,4.088635152264582,4.806552712785923
Case1-arc,0.01738883972814304,5,0.4799624810792439,-0.4878380220619108,5.551115123125783e-17,1.2753765094286806,2.9415799371879396,0.4328709607950654
Case1-arc,0.03477767945711699,1,-1.7292397662029033,1.7691037025062408,3.1401849173675503e-16,-17.20163944176845,10.390832247976867,2.205833715616474
Case1-arc,0.03477767945711699,2,-1.2046658084450472,0.4813265340034728,4.577566798522237e-16,-55.85285613859581,7.639807937397145,3.191088024243318
Case1-arc,0.03477767945711699,3,-0.4607126059866899,1.1240154194941971,3.554447978966673e-16,-62.96660851920367,7.474192950323873,3.2804474505493397
Case1-arc,0.03477767945711699,4,-0.10775571996036541,0.005197492562524689,1.9218865089043626e-16,-163.8238167615039,4.4343510277375096,4.300219008108158
Case1-arc,0.03477767945711699,5,0.5066733574656872,-0.5062268245615502,1.1102230246251565e-16,1.2465225308633614,3.0513840824868135,0.4367885031928844
Case1-arc,0.052166519187057565,1,-1.7199111508202731,1.7575850311168593,6.661338147750939e-16,-16.430879944707925,10.363167694487885,2.1766779033324894
Case1-arc,0.052166519187057565,2,-1.1908765763615419,0.4876249533975182,2.482534153247273e-16,-62.57963535255553,7.829334623293381,3.287606480355536
Case1-arc,0.052166519187057565,3,-0.4669328259331321,1.1127148846612123,7.108895957933346e-16,-69.47741103104777,7.66689500682099,3.368148721686058
Case1-arc,0.052166519187057565,4,-0.12945947591129947,0.02619971958768236,5.561946577567963e-17,-122.15588955463042,4.758173320898182,4.0347611280392695
Case1-arc,0.052166519187057565,5,0.5324413198218053,-0.5237965065149042,1.1102230246251565e-16,1.2144993316341766,3.165139367504886,0.43800323813769915
Case1-arc,0.06955535891812703,1,-1.7108052042629844,1.7462088304197845,3.1401849173675503e-16,-15.667296292902005,10.340459806759975,2.146763270677515
Case1-arc,0.06955535891812703,2,-1.177128714909794,0.4932632783285881,9.992007221626409e-16,-70.14365420307603,8.029469516801367,3.387539935456166
Case1-arc,0.06955535891812703,3,-0.4726638545393261,1.1013178221627948,2.2887833992611187e-16,-76.76167635279876,7.870072538123262,3.4594343931033613
Case1-arc,0.06955535891812703,4,-0.14843225037067545,0.04423865231469108,1.5515838457795457e-16,-97.81676402333883,5.077552793547366,3.8607159503390567
Case1-arc,0.06955535891812703,5,0.5576294985960603,-0.5407968593540269,0.0,1.1810206527148088,3.2832395373874723,0.437440272649199
Case1-arc,0.08694419865052123,1,-1.7019426581460195,1.734985161718862,3.1401849173675503e-16,-14.91130203035064,10.32299817784525,2.116047872183522
Case1-arc,0.08694419865052123,2,-1.1634457424236138,0.4982691909028529,2.2887833992611187e-16,-78.63415906155713,8.240908984081479,3.4908377505969472
Case1-arc,0.08694419865052123,3,-0.4779121718847839,1.0898445951001012,7.216449660063518e-16,-84.90438705593465,8.08441822697378,3.554310166747329
Case1-arc,0.08694419865052123,4,-0.1658884030596118,0.06037660604256476,3.065703529144609e-16,-80.936208262317,5.399998634459724,3.7323715690085546
Case1-arc,0.08694419865052123,5,0.5824888670025717,-0.5573925344726082,1.1102230246251565e-16,1.1469792522963829,3.4060559373355357,0.4356243747128092
Case1-arc,0.10433303838447339,1,-1.6933466024157484,1.723924697996681,4.965068306494546e-16,-14.16339447931412,10.31109250613357,2.084488393560145
Case1-arc,0.10433303838447339,2,-1.1498442547316055,0.5026704113337569,8.95090418262362e-16,-88.15153593722748,8.464396621668861,3.597485688651551
Case1-arc,0.10433303838447339,3,-0.4826857652063889,1.0783117609595476,6.684427777288335e-16,-94.00048518105093,8.310672978868642,3.652797065072017
Case1-arc,0.10433303838447339,4,-0.18252360449092994,0.0751050550643644,2.8576114088871287e-16,-67.90577444372761,5.7298022075681825,3.630142758368132
Case1-arc,0.10433303838447339,5,0.607204316654695,-0.5736973438807897,0.0,1.1128613607699607,3.5339513906716817,0.4328744060521835
Case1-arc,0.12172187812026575,1,-1.6850427935440448,1.713038699350314,6.280369834735101e-16,-13.424161381239344,10.305073753539418,2.052040358185999
Case1-arc,0.12172187812026575,2,-1.1363350970697352,0.5064939090148515,9.42055475210265e-16,-98.80837151448944,8.700727492115952,3.7074987427206043
Case1-arc,0.12172187812026575,3,-0.4869936112448816,1.0667323556512476,2.220446049250313e-16,-104.1557875332768,8.54962986256332,3.7549289283147935
Case1-arc,0.12172187812026575,4,-0.1988441364701447,0.0886162503578932,3.608224830031759e-16,-57.11437950400074,6.0698810745977925,3.54423610915799
Case1-arc,0.12172187812026575,5,0.631919311837164,-0.5897924373757519,1.1102230246251565e-16,1.0789382605635807,3.6672887197787185,0.42939390028013097
Case1-arc,0.13911071785824117,1,-1.6770600083849665,1.7023389621759561,2.220446049250313e-16,-12.694287003555907,10.305295313556368,2.0186583980636685
Case1-arc,0.13911071785824117,2,-1.1229243479472155,0.5097653893849298,1.6504651808933464e-15,-110.73048632196803,8.95075262121586,3.8209143446504297
Case1-arc,0.13911071785824117,3,-0.4908452558084388,1.0551161734005587,3.554447978966673e-16,-115.48785528125096,8.802138355897103,3.860749471541639
Case1-arc,0.13911071785824117,4,-0.2153196312534943,0.10085793693839824,1.3092278833360675e-16,-47.808602732537466,6.422478773517249,3.469925149161935
Case1-arc,0.13911071785824117,5,0.6567501691665572,-0.6057366746009301,1.1102230246251565e-16,1.0453622281083006,3.80643643051888,0.42531744393542936
Case1-arc,0.15649955759881848,1,-1.6694304514390614,1.6918377325493523,0.0,-11.974557359396211,10.312134178216283,1.9842965986915015
Case1-arc,0.15649955759881848,2,-1.1096141213195996,0.5125089817411085,8.671119018262734e-16,-124.05789288682467,9.215383790806069,3.9377859769625165
Case1-arc,0.15649955759881848,3,-0.49425047834594804,1.0434700256604472,7.021666937153402e-16,-128.12675915688317,9.069108924902503,3.9703089367519797
Case1-arc,0.15649955759881848,4,-0.23249742899297735,0.11146372580181176,3.567968179846848e-16,-39.764409112630155,6.789493261985274,3.4068194200692696
Case1-arc,0.15649955759881848,5,0.6817948619085588,-0.6215728697581172,1.1102230246251565e-16,1.0122175720538031,3.9517727936477964,0.42073619762017256
Case1-arc,0.17388839734251152,1,-1.6621902248432199,1.6815475712615735,9.155133597044475e-16,-11.265864110984948,10.325992092075268,1.9489089270917996
Case1-arc,0.17388839734251152,2,-1.096403202980915,0.514747069011942,1.1322097734007351e-15,-138.9456048780156,9.495598670705421,4.058177097521528
Case1-arc,0.17388839734251152,3,-0.49721902849545446,1.0317979674645636,7.550332863779066e-16,-142.2156544212292,9.351517972846617,4.083660323326915
Case1-arc,0.17388839734251152,4,-0.2511015191919807,0.11955099021822962,2.9893669801409083e-16,-33.33200361357704,7.172674033341495,3.361345816224901
Case1-arc,0.17388839734251152,5,0.7071387376196199,-0.6373316945458085,0.0,0.9795490725876749,4.1036889805381005,0.41571275321183165
Case1-arc,0.19127723708995495,1,-1.655379872388215,1.6714811540890213,6.280369834735101e-16,-10.569206648449743,10.347296681216546,1.9124497512469647
Case1-arc,0.19127723708995495,2,-1.0832875399930375,0.5165002146830674,1.0934428697813141e-15,-155.564187468021,9.792446344732348,4.182155217394869
Case1-arc,0.19127723708995495,3,-0.49976042200451215,1.0201014831383979,1.1866928732135989e-15,-157.91104251779734,9.650413207242515,4.200855131542254
Case1-arc,0.19127723708995495,4,-0.2719279704094643,0.12352116028230853,2.482534153247273e-16,-29.79208852172872,7.57380149965986,3.3528611736471454
Case1-arc,0.19127723708995495,5,0.7328584040825995,-0.6530341712220956,1.5700924586837752e-16,0.9473784024691885,4.26259163087778,0.4102901791745467
Case1-arc,0.2086660768419384,1,-1.6490450114041912,1.6616509858404556,2.220446049250313e-16,-9.885691759455458,10.376502546464765,1.8748744570779252
Case1-arc,0.2086660768419384,2,-1.0702606010222444,0.517787153733902,1.5700924586837751e-15,-174.09989111766404,10.107053300798961,4.309785928149134
Case1-arc,0.2086660768419384,3,-0.5018837845492764,1.0083796252213015,5.551115123125783e-16,-175.38254542291511,9.966919488368733,4.321938505890353
Case1-arc,0.2086660768419384,4,-0.29491835170820446,0.12187539695357572,1.6883057536160649e-16,-31.435421574615702,7.994903114199325,3.412132695099208
Case1-arc,0.2086660768419384,5,0.7590244847467739,-0.6686932704248422,1.1102230246251565e-16,0.9157138638119983,4.428905086951359,0.40449772573396486
Case1-arc,0.22605491659944887,1,-1.6432370696486762,1.6520690001910077,4.440892098500626e-16,-9.216530239314602,10.414092313304911,1.8361401654023097
Case1-arc,0.22605491659944887,2,-1.0573136223748363,0.5186248235592512,3.1401849173675503e-16,-194.75414620289686,10.440629975931058,4.441126640312706
Case1-arc,0.22605491659944887,3,-0.5035977334310052,0.9966291010009529,6.473657049138938e-16,-194.81194925389082,10.302245244354879,4.446943613546085
Case1-arc,0.22605491659944887,4,-0.3181938472915103,0.11555902825528104,1.3092278833360675e-16,-39.77712810881874,8.438358298777484,3.5473082189798077
Case1-arc,0.22605491659944887,5,0.785703656936879,-0.6843149104831544,0.0,0.884556266813441,4.60307345474064,0.3983545207252359
Case1-arc,0.2434437563637345,1,-1.6380141486726498,1.642746008837916,4.965068306494546e-16,-8.563029746939195,10.460577637488665,1.7962065454708007
Case1-arc,0.2434437563637345,2,-1.0444357502594914,0.5190284177281066,8.005932084973442e-16,-217.74210825956618,10.79447797661154,4.576219758726606
Case1-arc,0.2434437563637345,3,-0.5049102886711542,0.9848443003165738,7.850462293418876e-16,-216.39117902538112,10.657689568190417,4.575885033227383
Case1-arc,0.2434437563637345,4,-0.3398611640426031,0.10732543308822083,1.6711069443220838e-16,-54.22330574483017,8.90667702515528,3.730085294421128
Case1-arc,0.2434437563637345,5,0.8129602287846837,-0.6998985344464255,0.0,0.8539025108779559,4.785562615688941,0.3918720056342401
Case1-arc,0.26083259613637805,1,-1.6334420409465205,1.6336909525049523,0.0,-7.92658320331135,10.516500176499896,1.7550367130314797
Case1-arc,0.26083259613637805,2,-1.0316140847534259,0.5190114504923624,9.930136612989092e-16,-243.28982484024272,11.169998137004324,4.715084973728334
Case1-arc,0.26083259613637805,3,-0.5058288065357327,0.9730172562146036,1.5700924586837752e-16,-240.31873732896713,11.034650154980495,4.708750853968495
Case1-arc,0.26083259613637805,4,-0.35946122740583564,0.09896709225098785,2.237726045655905e-16,-73.77000824940015,9.402280682706124,3.933369870256104
Case1-arc,0.26083259613637805,5,0.8408574216862349,-0.7154373707264943,1.1102230246251565e-16,0.8237477599045198,4.976862300214899,0.38505554929806185
Case1-arc,0.2782214359194132,1,-1.629595435906451,1.6249098919890455,4.965068306494546e-16,-7.308652073153763,10.582432555050374,1.712598188652154
Case1-arc,0.2782214359194132,2,-1.0188336251140935,0.5185858236111116,1.1957467920563633e-15,-271.62943371015183,11.568699637973438,4.857710280292382
Case1-arc,0.2782214359194132,3,-0.5063599299529994,0.9611375264280406,6.473657049138938e-16,-266.79396331765855,11.434632299042361,4.845493082211876
Case1-arc,0.2782214359194132,4,-0.37724934747352934,0.09111629371531967,2.2591401799415137e-16,-98.05990956414063,9.9275237914288,4.144785931809309
Case1-arc,0.2782214359194132,6,-0.27823803629589083,0.26415234585970276,4.041272810440265e-16,23.155109537024025,9.872539705156777,2.3591063554797262
Case1-arc,0.2782214359194132,7,-0.19473190354738765,0.2917312316483738,1.7772239894833365e-16,-38.61078614299281,9.878119027151255,3.685846340087622
Case1-arc,0.2782214359194132,5,0.8694584735302029,-0.730918439809423,1.1102230246251565e-16,0.7940867362556987,5.1774883386315205,0.3779055011386714
Case1-arc,0.2956102757154697,1,-1.6265593609133862,1.6164046586910612,2.220446049250313e-16,-6.710743986518969,10.658979380462627,1.6688638754375709
Case1-arc,0.2956102757154697,2,-1.0060771091292144,0.5177618896586804,1.4217791915866692e-15,-302.9915826509487,11.992210496326853,5.004041239058375
Case1-arc,0.2956102757154697,3,-0.5065095516656887,0.9491919780342919,1.4130832128153975e-15,-296.00822665755715,11.859259258104686,4.98601581482191
Case1-arc,0.2956102757154697,4,-0.39358342012850545,0.08391021280856306,6.261943282059023e-16,-127.28671575435136,10.484782868038804,4.360251777645072
Case1-arc,0.2956102757154697,6,-0.3029895885025306,0.2758293599921402,5.578801654593729e-16,34.4987754643625,10.405151807866622,2.3310871099593666
Case1-arc,0.2956102757154697,7,-0.17504652372146853,0.31091701694214247,5.694967977388552e-16,-72.82176277315546,10.426193735082503,4.026041574403405
Case1-arc,0.2956102757154697,5,0.8988276483268626,-0.7463223407510357,1.1102230246251565e-16,0.7649144493630082,5.387985225045678,0.37041784235174424
Case1-arc,0.3129991155279827,1,-1.624430918183735,1.6081710593551883,4.965068306494546e-16,-6.13438436473066,10.746778405123708,1.6238129935471375
Case1-arc,0.3129991155279827,2,-0.9933247304513485,0.5165485078362619,2.0014830212433605e-15,-337.59396147982153,12.442289857982985,5.153967847627644
Case1-arc,0.3129991155279827,3,-0.5062827873620691,0.9371644491777892,5.551115123125783e-16,-328.1318383274852,12.31028441780126,5.130160433140014
Case1-arc,0.3129991155279827,4,-0.4087632101424257,0.07732843359898432,3.0436364816617974e-16,-161.99581489057988,11.076520616007349,4.5789520990364965
Case1-arc,0.3129991155279827,6,-0.32427096146015366,0.2909332691942479,1.3322676295501878e-15,43.335870573151674,10.963719071553768,2.422538874916175
Case1-arc,0.3129991155279827,7,-0.16085297992014397,0.3270913325630834,9.238896857051836e-16,-109.69245476232595,11.009094309751417,4.314238571474934
Case1-arc,0.3129991155279827,5,0.9290312219704681,-0.7616228303126337,1.5700924586837752e-16,0.7362265529650769,5.608929166043384,0.36258452931323815
Case1-arc,0.3303879553614873,1,-1.62332139991638,1.600196496789586,2.220446049250313e-16,-5.581082031499683,10.846501993569227,1.5774318814624206
Case1-arc,0.3303879553614873,2,-0.980553706157898,0.5149530896657081,1.1430445635548515e-15,-375.62442572190304,12.920842707778561,5.307308173098908
Case1-arc,0.3303879553614873,3,-0.5056839576215827,0.9250352489574887,8.08254562088053e-16,-363.2949989804309,12.789605871314498,5.277686773957349
Case1-arc,0.3303879553614873,4,-0.42301758690017605,0.07130929551021453,1.7554167342883506e-16,-202.98829453439137,11.705327849081558,4.801244789714341
Case1-arc,0.3303879553614873,6,-0.34485471555119585,0.30838444647126484,1.0235750533041806e-15,50.48603863357563,11.549524671629385,2.493906344202585
Case1-arc,0.3303879553614873,7,-0.14936130295188624,0.34164368337934664,1.4946834900704541e-16,-151.4964569107293,11.629022655503755,4.582248681338159
Case1-arc,0.3303879553614873,5,0.9601385073846965,-0.7767861904658337,1.5700924586837752e-16,0.7080194517815317,5.840931841904244,0.3543935809069094
Case1-arc,0.34777679522203797,1,-1.6233588938182593,1.5924568237118415,3.1401849173675503e-16,-5.052289225120502,10.958859138586583,1.5297145405674355
Case1-arc,0.34777679522203797,2,-0.9677376502018803,0.5129816330587466,1.4130832128153975e-15,-417.2166234021903,13.429937867593683,5.463787568206024
Case1-arc,0.34777679522203797,3,-0.5047165795832125,0.9127804369624037,1.5582722720639762e-15,-401.56046078925334,13.299284292465234,5.428248779484297
Case1-arc,0.34777679522203797,4,-0.4365197209276773,0.06578645676957234,4.335559509131367e-16,-251.29256174703787,12.373955504642073,5.0278857404832635
Case1-arc,0.34777679522203797,6,-0.36579555542083597,0.32797795713497957,6.280369834735101e-16,55.89435440808628,12.163682931438988,2.5503156130251465
Case1-arc,0.34777679522203797,7,-0.1395745052771443,0.355125243004583,3.002224531865041e-16,-199.7289235702857,12.288475877805057,4.841429542320275
Case1-arc,0.34777679522203797,5,0.9922229831585178,-0.7917703637028182,0.0,0.6802902334485157,6.08464518972912,0.34582893033498474
Case1-arc,0.3651656351178129,1,-1.6246915339712733,1.5849121851578323,0.0,-4.549356979159171,11.084598394291621,1.4806627607489662
Case1-arc,0.3651656351178129,2,-0.9548456837763504,0.5106387444248797,8.005932084973442e-16,-462.41524478516055,13.971830531264724,5.623011788369134
Case1-arc,0.3651656351178129,3,-0.5033833723326663,0.900370793111876,1.2994827337208943e-15,-442.8846665318166,13.841565365243405,5.581362421747243
Case1-arc,0.3651656351178129,4,-0.4494027002852811,0.06069943733905008,2.306595211858756e-16,-308.1715295395423,13.085344500127972,5.259749600983115
Case1-arc,0.3651656351178129,6,-0.38765676302270624,0.3497376190785141,1.0235750533041806e-15,59.483014430371945,12.807251006644664,2.5946672832787065
Case1-arc,0.3651656351178129,7,-0.13099470624235726,0.36783387306540755,7.850462293418876e-17,-255.8455536479815,12.990182092325423,5.097577055853093
Case1-arc,0.3651656351178129,5,1.025363597351583,-0.806523817689985,1.1102230246251565e-16,0.6530364732628362,6.340767634605352,0.33687003574355556
Case1-arc,0.38255447506000717,1,-1.6274916132457893,1.5775015174061757,3.1401849173675503e-16,-4.0734874873010805,11.224512268836342,1.430285621951873
Case1-arc,0.38255447506000717,2,-0.9418411754060617,0.507927650163121,2.132668787380004e-15,-511.12689860101443,14.548991137149084,5.784431534055767
Case1-arc,0.38255447506000717,3,-0.5016862851178794,0.8877703385894935,4.577566798522237e-16,-487.0628195236598,14.418908599472761,5.73636256454923
Case1-arc,0.38255447506000717,4,-0.4617712940625393,0.0559957664688968,2.9406505148178845e-16,-375.15133443013667,13.842658358592422,5.4977356636407295
Case1-arc,0.38255447506000717,6,-0.41062913906175014,0.3735994458326722,6.206335383118183e-16,61.648641346384906,13.481377715679182,2.631836263629599
Case1-arc,0.38255447506000717,7,-0.1233287180395688,0.37995730214833956,6.661338147750939e-16,-321.44971206879455,13.737100026774506,5.354255433172411
Case1-arc,0.38255447506000717,5,1.0596463328984715,-0.820984078734497,1.1102230246251565e-16,0.6262559410846789,6.610052360813352,0.3274912177130084
Case1-arc,0.3999433150641564,1,-1.6319608616573156,1.5701352437638885,2.220446049250313e-16,-3.625685772916182,11.379443865881967,1.3785981232791666
Case1-arc,0.3999433150641564,2,-0.9286799419922448,0.5048502019130431,1.5700924586837752e-16,-563.051020875189,15.16414319696931,5.947294665847107
Case1-arc,0.3999433150641564,3,-0.4996265666344841,0.8749341852326126,1.2947314098277875e-15,-533.6514194400808,15.034025206589192,5.892343553143437
Case1-arc,0.3999433150641564,4,-0.4737102786844976,0.05163050773824069,1.0688824964696156e-15,-454.0671361896095,14.64932271592161,5.742745202041807
Case1-arc,0.3999433150641564,6,-0.43425834541218705,0.39895821163382766,3.925231146709438e-16,63.79760601905191,14.187642120740083,2.672150542757835
Case1-arc,0.3999433150641564,7,-0.11638538421186453,0.3916261135017163,2.7755575615628914e-17,-398.3902125027304,14.532440947155111,5.613952090175278
Case1-arc,0.3999433150641564,5,1.0951661444985896,-0.835075844070312,2.220446049250313e-16,0.5999462277260792,6.893318451099901,0.31766066044334906
Case1-arc,0.41733215515215555,1,-1.6383373224475473,1.5626855158687631,0.0,-3.2067136875687003,11.55029691248782,1.3256186538793677
Case1-arc,0.41733215515215555,2,-0.915307638855613,0.5014068860217775,1.4043333874306805e-15,-617.5828944975485,15.820313925223111,6.110580220850024
Case1-arc,0.41733215515215555,3,-0.49720491088986435,0.8618053456730936,5.900916318210353e-16,-581.8589198977028,15.689928985664366,6.048075109343056
Case1-arc,0.41733215515215555,4,-0.48529032650772325,0.047565083749380246,4.888843483876897e-16,-547.1264993209082,15.509076234949369,5.995688181541602
Case1-arc,0.41733215515215555,6,-0.4570956001394544,0.42419059106545387,5.551115123125783e-16,68.29581790417825,14.928663846198562,2.730469129018356
Case1-arc,0.41733215515215555,7,-0.11003088427482428,0.4029380989849587,1.0000677077679748e-15,-488.84465525222816,15.379706812374746,5.8785847496545145
Case1-arc,0.41733215515215555,5,1.13202941182186,-0.8487085415538346,2.482534153247273e-16,0.5741042999531363,7.191466059780973,0.3073389710557475
Case1-arc,0.434720995355366,1,-1.646904442006953,1.5549730530136614,2.220446049250313e-16,-2.8170499032456338,11.738050807220123,1.2713650017768583
Case1-arc,0.434720995355366,2,-0.9016558866773575,0.4975968605195777,6.955527313080394e-16,-673.677389111713,16.52090337921004,6.272904720343638
Case1-arc,0.434720995355366,4,-0.49657227222508465,0.04376603082475035,4.1748851477261605e-16,-656.9942105765188,16.42603878907311,6.257503981283265
Case1-arc,0.434720995355366,3,-0.49442174949705725,0.8483098727032798,1.1551122306821434e-15,-630.3907076657781,16.39000613480758,6.2018793638440135
Case1-arc,0.434720995355366,6,-0.4771530974798644,0.44706982415221397,1.0547118733938987e-15,76.92301182656261,15.708684195564077,2.815093563389028
Case1-arc,0.434720995355366,7,-0.10416629700806905,0.4139711793212643,8.337074528450333e-16,-595.4114527345176,16.282746645167673,6.149764820349215
Case1-arc,0.434720995355366,5,1.170357104762766,-0.8617731450967191,2.482534153247273e-16,0.5487259874262285,7.505497272945192,0.2964771281969103
Case1-arc,0.4521098357195363,1,-1.6580032560703144,1.5467491632572905,2.220446049250313e-16,-2.456860106886215,11.94378303676834,1.2158486269503934
Case1-arc,0.4521098357195363,2,-0.8876363537927157,0.4934180710039969,1.2212453270876722e-15,-729.6567247362974,17.2697807162184,6.432384753180267
Case1-arc,0.4521098357195363,4,-0.5076103296352741,0.040203868212807345,1.1123893155135927e-15,-786.9057439616757,17.40480510391564,6.529191398266761
Case1-arc,0.4521098357195363,6,-0.493231627585352,0.46621450824989447,1.9899025015462835e-15,89.37103156413272,16.533480754392322,2.919971356856305
Case1-arc,0.4521098357195363,3,-0.49127783225882726,0.834349190441707,9.550499576785472e-16,-677.2274332940385,17.13811300245162,6.351444057061819
Case1-arc,0.4521098357195363,7,-0.09871512412827872,0.42479106761134583,4.0245584642661925e-16,-721.2240954550434,17.245837224586584,6.428956495074382
Case1-arc,0.4521098357195363,5,1.2102889303160265,-0.8741379642080174,2.482534153247273e-16,0.5238054006302333,7.836545020756905,0.2850135504125816
Case1-arc,0.4694986763127233,1,-1.6720489354346857,1.5376707747211757,2.220446049250313e-16,-2.1259821111235673,12.168702354627928,1.1590670721516165
Case1-arc,0.4694986763127233,2,-0.8731313764088683,0.4888675609689295,5.117875266520903e-16,-782.9371891709403,18.07142078471283,6.58642762515197
Case1-arc,0.4694986763127233,4,-0.5184546518615314,0.03685211166385359,1.0878804855433139e-15,-940.8210341335526,18.450575703906132,6.811847983894313
Case1-arc,0.4694986763127233,6,-0.5053454563153594,0.4816359790292496,8.95090418262362e-16,103.8868822522774,17.409744302985505,3.0333648933963326
Case1-arc,0.4694986763127233,3,-0.48777539843167267,0.8197874458470668,1.0007415106216803e-15,-719.3035968697637,17.938715839125173,6.493525384484115
Case1-arc,0.4694986763127233,7,-0.09361577022622022,0.4354562987725344,5.003707553108401e-16,-870.1016081418915,18.27379825885338,6.71758982201382
Case1-arc,0.4694986763127233,5,1.2519888382399949,-0.8856429887978884,0.0,0.49933427564037713,8.185913460223382,0.27286984554332994
Case1-arc,0.48688751723841156,1,-1.6895534818414268,1.5272650777815286,0.0,-1.8239313308222047,12.414197674705644,1.1009948227338922
Case1-arc,0.48688751723841156,2,-0.8579783900920497,0.4839422464902166,1.3877787807814457e-15,-829.636037796238,18.931101845271954,6.731397671226645
Case1-arc,0.48688751723841156,4,-0.5291535133931766,0.033686409662281265,6.175615574477433e-16,-1123.6369546520907,19.56934266751988,7.106721542049029
Case1-arc,0.48688751723841156,6,-0.5140486028401472,0.4940735003247192,9.155133597044475e-16,118.40132192990596,18.344719173125508,3.1463242535492544
Case1-arc,0.48688751723841156,3,-0.483920627002364,0.804429422572601,4.742874840267547e-16,-752.0314004878948,18.797095186047937,6.6234476288329045
Case1-arc,0.48688751723841156,7,-0.08881668109704098,0.4460218939154434,2.423651445728339e-16,-1046.754296844382,19.37215763468088,7.017156933323777
Case1-arc,0.48688751723841156,5,1.2956524209022082,-0.896092156731186,2.220446049250313e-16,0.47530123928680057,8.555134831048418,0.25994450329726865
Case1-arc,0.5042763586577794,1,-1.7111570305093515,1.5148783990151982,2.220446049250313e-16,-1.5499337485945546,12.681910010622412,1.041574110255295
Case1-arc,0.5042763586577794,2,-0.841942527727642,0.4786408240612064,1.4443570596498132e-15,-863.9964138908409,19.85519822074751,6.862054374148926
Case1-arc,0.5042763586577794,4,-0.5397553259825234,0.030683765542650114,1.777454255113597e-15,-1341.4877204363931,20.76815650729371,7.415279035055481
Case1-arc,0.5042763586577794,6,-0.519848495637494,0.5044253021591977,1.2412670766236366e-15,130.72627103472948,19.346325817012694,3.2529637066008106
Case1-arc,0.5042763586577794,3,-0.4797290767237858,0.7879789708761592,1.117140368961273e-15,-768.5716686081123,19.71965301416821,6.734197225243059
Case1-arc,0.5042763586577794,7,-0.08427297966429655,0.45654235482879196,1.7168680146955573e-15,-1257.0739322022405,20.547390451190637,7.3293097491995445
Case1-arc,0.5042763586577794,5,1.3415169781998,-0.9052425718614844,1.1102230246251565e-16,0.4516909871523951,8.946050214394145,0.24610323475633988
Case1-arc,0.5216652008287299,1,-1.7376708190721275,1.499600870692452,0.0,-1.3029977137097277,12.973838502860517,0.9807103094077064
Case1-arc,0.5216652008287299,2,-0.824664547712065,0.4729686138014245,6.753223014464259e-16,-877.5261507651514,20.851625338458103,6.970539020447829
Case1-arc,0.5216652008287299,4,-0.5503106694291856,0.0278218059328506,1.5776945231491023e-15,-1602.1804526423136,22.055514457435542,7.7393011347801455
Case1-arc,0.5216652008287299,6,-0.5229445185003306,0.5136489417176298,7.447602459741819e-16,138.23427567028756,20.423553220227195,3.3481085125663723
Case1-arc,0.5216652008287299,3,-0.4752389113706359,0.7699523159834799,5.551115123125783e-16,-758.6567042789193,20.71439123551298,6.814615378998916
Case1-arc,0.5216652008287299,7,-0.07994396223685579,0.46707442970975915,2.29281887121495e-15,-1508.555039752511,21.807268204215376,7.655974460651324
Case1-arc,0.5216652008287299,5,1.3898753737866245,-0.9127891477708745,1.1102230246251565e-16,0.428483367621872,9.36092542230697,0.23116355190691784
Case1-arc,0.5390540441765532,1,-1.7701344851510032,1.4801543909957657,2.220446049250313e-16,-1.082046152612942,13.292497500648054,0.9182850661158255
Case1-arc,0.5390540441765532,2,-0.8055510286584517,0.4669508097728312,8.005932084973442e-16,-857.6664137402636,21.93054150265956,7.044376234267007
Case1-arc,0.5390540441765532,4,-0.5608745158461581,0.0250780566497093,2.5918417478740246e-15,-1915.844060798341,23.44193309636239,8.081015092399298
Case1-arc,0.5390540441765532,6,-0.52296811854366,0.5230540039234735,5.978733960281817e-16,137.50324907446577,21.586977740294074,3.500647378251726
Case1-arc,0.5390540441765532,3,-0.4705479041307614,0.7494682057132013,8.671119018262734e-16,-706.5058849160707,21.79169916686108,6.84525320993673
Case1-arc,0.5390540441765532,7,-0.0757910750355952,0.47767998964942066,1.388056308787576e-15,-1810.9245138550577,23.161374850568393,7.999499722501487
Case1-arc,0.5390540441765532,5,1.4410953528717243,-0.9183422317611336,2.482534153247273e-16,0.4056523695503169,9.802619331709398,0.21486879493094763
Case1-arc,0.5564428894268889,1,-1.809885393828791,1.4547289133133334,3.1401849173675503e-16,-0.8861540021225238,13.641151309152315,0.8542233532879208
Case1-arc,0.5564428894268889,2,-0.783505371517372,0.4606739431716937,2.480671553895456e-15,-785.6442258558654,23.10551650282043,7.062015869367121
Case1-arc,0.5564428894268889,4,-0.5715088514371022,0.022429188518524098,2.1102481499753338e-15,-2295.9243292708006,24.94080594977512,8.443285717643196
Case1-arc,0.5564428894268889,6,-0.5181375621778882,0.5354907764030471,1.4475537224895361e-15,124.56784764518794,22.849264689031713,4.434041958161232
Case1-arc,0.5564428894268889,3,-0.4659446223049088,0.7246014604002669,3.2864289324620454e-15,-586.3877362728172,22.965783447975536,6.786477044755157
Case1-arc,0.5564428894268889,7,-0.07177612191332511,0.48842934378764835,1.4228624520802642e-15,-2177.111287938705,24.621880212959415,8.362861410207321
Case1-arc,0.5564428894268889,5,1.4956468370071776,-0.9213941875991585,2.482534153247273e-16,0.38316502227477,10.274831995015656,0.19684117333941398
Case1-arc,0.5738317378668912,1,-1.858615666082396,1.4207657484161533,2.220446049250313e-16,-0.7149827282478132,14.024169096788796,0.7887122760450919
Case1-arc,0.5738317378668912,2,-0.7560917655879599,0.4544506338269755,1.967320211922957e-15,-632.838152214203,24.395673179502186,6.980882066803256
Case1-arc,0.5738317378668912,4,-0.5822859588418713,0.01985019764696051,6.109893094940864e-15,-2760.7584408556104,26.569711524519338,8.829896190206446
Case1-arc,0.5738317378668912,6,-0.5016980701224324,0.5615670446203149,8.08254562088053e-16,98.76802766230725,24.224453712262918,5.02769069948209
Case1-arc,0.5738317378668912,3,-0.46267682129134163,0.68911292459202,8.899114524108741e-16,-347.56441182239365,24.25793918973364,6.524345411597462
Case1-arc,0.5738317378668912,7,-0.06785952054084834,0.49940538323244954,1.0881460057406233e-15,-2624.7884025903313,26.20471884259763,8.749958575732968
Case1-arc,0.5738317378668912,5,1.5541410416137247,-0.9212681359643665,0.0,0.36098024076339774,10.782476853350026,0.17648824872895047
Case1-arc,0.5912205918841783,1,-1.9183135691758564,1.3747780936835503,0.0,-0.5695676776446685,14.447568538649929,0.7228162936044129
Case1-arc,0.5912205918841783,2,-0.7154174032490351,0.4499025322641227,1.2658490090568385e-15,-355.3741364181889,25.83054616286375,6.69412299757188
Case1-arc,0.5912205918841783,4,-0.5932927297222733,0.017313489892288893,5.460218434747815e-15,-3336.153674337987,28.352452554838823,9.245971177984185
Case1-arc,0.5912205918841783,7,-0.06399845555984217,0.5107090926124075,3.998753976337507e-15,-3178.9131410171385,27.931424515522096,9.16605688661706
Case1-arc,0.5912205918841783,5,1.6173873752589367,-0.9170369845208077,0.0,0.3390476969193472,11.33225119197918,0.15278890751334856
Case1-arc,0.6086094561439913,1,-1.9907577231976619,1.3126720313812557,2.220446049250313e-16,-0.453505551762619,14.919858776634449,0.6599241917289143
Case1-arc,0.6086094561439913,2,-0.6125376308784439,0.4734582735910806,8.671119018262734e-16,-106.03868449521153,27.47021031506371,6.2703894584821755
Case1-arc,0.6086094561439913,4,-0.6046365577499595,0.014787853984136965,1.3753994412590095e-15,-4059.7778193593044,30.32232081619156,9.698632223917198
Case1-arc,0.6086094561439913,7,-0.060144790221259174,0.5224672470260734,3.48951172420846e-16,-3876.080423051962,29.832058413113835,9.618475865493583
Case1-arc,0.6086094561439913,5,1.686477435278587,-0.9073912974770529,0.0,0.3173068904576286,11.93353328440509,0.12368322999475712
Case1-arc,0.62599834033676,1,-2.075920315815458,1.231921975651229,2.220446049250313e-16,-0.37332252823291734,15.453364556195693,0.6076956311888814
Case1-arc,0.62599834033676,4,-0.6164536612722683,0.012237347095065052,8.362518758538947e-16,-4988.976275347863,32.527495435681146,10.198045946686934
Case1-arc,0.62599834033676,2,-0.5767555170047091,0.49657355605870385,1.191874962812805e-15,-365.66863416300845,29.37159062680983,6.949530951787967
Case1-arc,0.62599834033676,7,-0.05624260871986965,0.5348436117550854,1.6711069443220838e-16,-4772.334098780889,31.95003037028154,10.117692770994466
Case1-arc,0.62599834033676,5,1.7629106187684975,-0.8904156872540906,1.1102230246251565e-16,0.2956867627909876,12.599837811123255,0.08341760100593072
Case1-arc,0.6433872661106116,1,-2.1698149075027198,1.1363094900643083,6.280369834735101e-16,-0.3334537228245926,16.066392041545704,0.5756267824073885
Case1-arc,0.6433872661106116,4,-0.6289211692256949,0.009620217245387258,2.5821316693507352e-15,-6215.44343187156,35.040324415684374,10.759164624920857
Case1-arc,0.6433872661106116,2,-0.566967257451369,0.5052899541220514,1.5463617361248926e-15,-774.6330047082299,31.56059754656112,7.708755146643782
Case1-arc,0.6433872661106116,7,-0.05222529984599863,0.5480558539089827,3.229866914443459e-15,-5957.965001963354,34.35034207078984,10.679188930810088
Case1-arc,0.6433872661106116,5,1.8487832600435674,-0.8631945998929632,1.1102230246251565e-16,0.27410649181399926,13.351266192245266,8.479328350574633e-15
Case1-arc,0.6607762862543778,1,-2.266528996353054,1.0362559663643582,4.440892098500626e-16,-0.32593498012820254,16.787170310548326,0.5639657398974555
Case1-arc,0.6607762862543778,4,-0.6422750290184472,0.00688824307133723,5.442641205208294e-15,-7894.550844247295,37.974048139923624,11.404745659397415
Case1-arc,0.6607762862543778,2,-0.5621082651497384,0.5106967671428936,1.7235296186091125e-15,-1463.5201826761013,34.13518500298912,8.573370775245865
Case1-arc,0.6607762862543778,7,-0.04801224253784095,0.5624019551717944,6.713178136967714e-16,-7587.441738445319,37.134332927821,11.326685947755063
Case1-arc,0.6607762862543778,5,1.9470705200887144,-0.8210848320525147,4.577566798522237e-16,0.2524785509722445,14.218816286342886,8.42641928455734e-16
Case1-arc,0.6781655438965968,1,-2.364899673907247,0.9388504581623168,4.577566798522237e-16,-0.33225234082482746,17.661692689725356,0.5615972469304596
Case1-arc,0.6781655438965968,4,-0.6568365535270225,0.00398754580351323,1.0438313043494616e-14,-10308.611985549536,41.51463226724383,12.170853598946875
Case1-arc,0.6781655438965968,2,-0.5591646460744325,0.5152070984245796,1.2412670766236366e-15,-2668.8754986035874,37.26088938799927,9.591956649751342
Case1-arc,0.6781655438965968,7,-0.0435056893140985,0.5783025334874409,1.3358046614212626e-15,-9944.980684594811,40.467486026915466,12.098129775787216
Case1-arc,0.6781655438965968,5,2.062021518440736,-0.756304859016368,0.0,0.23071552938595485,15.252349479767801,1.3652273755937472e-15
Case1-arc,0.6955554795312777,1,-2.4705986878742237,0.8414512611045695,4.965068306494546e-16,-0.33622876447877104,18.769426271864933,0.5575800587995934
Case1-arc,0.6955554795312777,4,-0.6730492644671274,0.0008638263463007188,7.940790268320486e-16,-14016.388838266816,45.985112884889276,13.117391683775748
Case1-arc,0.6955554795312777,2,-0.5572981466694056,0.5200187195777498,1.0235750533041806e-15,-4891.7321181397265,41.22398439518106,10.83927695661527
Case1-arc,0.6955554795312777,7,-0.03859036626995147,0.596368422871514,1.068494359805223e-14,-13602.869322132787,44.63491967982869,13.057399115225863
Case1-arc,0.6955554795312777,5,2.199581861902798,-0.6550647945223634,1.1102230246251565e-16,0.20874140910793204,16.53609353775326,2.4667767828390197e-15
Case1-arc,0.7129476499232992,1,-2.594829633354351,0.7321343654892206,0.0,-0.32792312134208623,20.255167846628517,0.5452766983246456
Case1-arc,0.7129476499232992,4,-0.6915124362007993,-0.0025191952488123784,7.561937815681672e-15,-20244.864176794887,51.98230744290911,14.348785085140149
Case1-arc,0.7129476499232992,2,-0.5562359780667373,0.526196232391849,3.2803286093439427e-15,-9329.440870642342,46.54975311415954,12.44296904266056
Case1-arc,0.7129476499232992,7,-0.03314569372089809,0.617495700020882,5.815852873680766e-16,-19849.993318267294,50.1570418075889,14.318172472804108
Case1-arc,0.7129476499232992,5,2.3671596458279396,-0.4915814536895024,0.0,0.18650146166133924,18.219785723045433,3.04790914729125e-15
Case1-arc,0.730348026834871,1,-2.755069057431083,0.5855094579930201,0.0,-0.30068905011020425,22.389916438839638,0.5195866282904283
Case1-arc,0.730348026834871,4,-0.7128984385386264,-0.0061207892477544695,2.2996342637604852e-15,-32009.101345744995,60.657723488035536,16.050340910829508
Case1-arc,0.730348026834871,2,-0.5558010597121528,0.5350911807825111,5.89255511483504e-15,-19238.6516273798,54.24324731944682,14.628916890814006
Case1-arc,0.730348026834871,7,-0.027110587360979637,0.6428941409957519,1.5296517767129337e-14,-31986.365847758043,58.018542161826566,16.089646007752876
Case1-arc,0.730348026834871,8,2.569152244713743,-0.21677849374134028,8.326672684688674e-17,0.16394763119613343,20.57605884392922,-2.7755575615628914e-17
Case1-arc,0.7477731482663338,9,-2.9713810843225756,0.3488623253555587,5.551115123125783e-17,-0.250494346592782,25.617424088610825,0.4751168953716176
Case1-arc,0.7477731482663338,4,-0.7371633699512538,-0.009658005251031518,1.1105238635211518e-14,-57069.3619502875,74.02934227083118,18.499054247990852
Case1-arc,0.7477731482663338,2,-0.5554281833883744,0.5483582119707046,1.588589103452681e-14,-44184.09820582081,66.04098461971178,17.73889530615787
Case1-arc,0.7477731482663338,7,-0.02073839429870798,0.6733455440319922,7.115118429002276e-15,-59179.26113857887,69.87974355230594,18.712476421952278
Case1-arc,0.7477731482663338,10,2.7844390965878443,0.24775976768239097,4.449557262054371e-16,0.1410662784237014,24.032552828174936,1.124100812432971e-15
Case1-arc,0.7652157968131189,11,-3.2272425778092315,-0.05218559135767146,2.1510571102112408e-16,-0.18476278801661913,30.20169013582577,0.4118870077183529
Case1-arc,0.7652157968131189,4,-0.7612219327762456,-0.012455117348324867,8.772030593802815e-15,-110734.77516205485,93.75170974128622,21.785226685369587
Case1-arc,0.7652157968131189,2,-0.553612868203401,0.5661958189584324,5.8125238456645184e-15,-107137.05838551262,83.28922566421615,21.90447765226606
Case1-arc,0.7652157968131189,7,-0.015041309450067424,0.7060806580954089,3.686216380473701e-14,-122789.21218806498,86.8994921879402,22.40299167425048
Case1-arc,0.7652157968131189,12,2.922962852622161,0.9301373005263232,2.220446049250313e-16,0.11878229606836721,28.79476616514451,4.579669976578771e-16
Case1-arc,0.7826303171421585,13,-3.4302395576981453,-0.6356026581104588,0.0,-0.12482842585940768,35.60645541458694,0.34292824381721515
Case1-arc,0.7826303171421585,4,-0.7804403892785923,-0.014118378202965048,3.042377003483287e-14,-207407.9722764797,118.27661691994163,25.448279032941027
Case1-arc,0.7826303171421585,2,-0.549047854938102,0.5855921758953945,2.1894206070058935e-14,-238992.54228356775,104.4991659525977,26.604887978909478
Case1-arc,0.7826303171421585,7,-0.010984556913326103,0.7351202432498186,5.808290206644245e-14,-253505.68474304484,107.42003828387242,26.80827194007382
Case1-arc,0.7826303171421585,14,2.899706353505146,1.6799739750806582,0.0,0.10007853506749331,34.272915076075336,-1.1449174941446927e-16
Case1-arc,0.8000256219638886,15,-3.4923638073272563,-1.3478077789152125,0.0,-0.08285124500698449,41.227954608210474,0.2824551931204957
Case1-arc,0.8000256219638886,4,-0.7942700528047834,-0.014985490044259621,2.577177404982818e-14,-354589.3822684691,145.32673608751216,29.07345196096657
Case1-arc,0.8000256219638886,2,-0.5419485448664494,0.6041810273908083,4.4736477761412456e-14,-468244.83791182586,127.62098375023626,31.36548693263612
Case1-arc,0.8000256219638886,7,-0.008336928150319367,0.7585974886681013,3.941367634658218e-14,-488300.52295368677,129.38904607495036,31.54791808149913
Case1-arc,0.8000256219638886,16,2.758250016428366,2.340589391715604,0.0,0.08709060674433688,39.879727911226034,1.3877787807814457e-16
Case1-arc,0.8174159783755492,17,-3.39186664982791,-2.0925215711776173,0.0,-0.059346347107761765,46.88127892567635,0.24059095838040795
Case1-arc,0.8174159783755492,4,-0.8042545188894152,-0.015437172380605928,2.934550770965808e-14,-559451.6344392034,174.13879621256436,32.566045488295345
Case1-arc,0.8174159783755492,2,-0.5329885651669001,0.621521103200628,5.972225968008323e-14,-827366.1069736705,151.97552017961243,36.08459591077538
Case1-arc,0.8174159783755492,7,-0.00655389335370259,0.7776728151975592,2.9532690775421634e-14,-882752.8569616601,152.17630034130826,36.55497804838411
Case1-arc,0.8174159783755492,18,2.583922320900315,2.872921096375467,4.440892098500626e-16,0.07914225505723982,45.466777500545504,2.220446049250313e-15
Case1-arc,0.8348051582853696,19,-3.1942028027346705,-2.752139488286167,9.930136612989092e-16,-0.04935234398406152,52.56284784308414,0.21989434812150582
Case1-arc,0.8348051582853696,4,-0.8116860868711393,-0.01567758807927471,5.4534629685619306e-15,-831749.9585288407,204.7235262774332,35.947169014773266
Case1-arc,0.8348051582853696,2,-0.5226680671428113,0.6377513491519824,3.922293974898294e-14,-1359312.0716446023,177.56315019908138,40.79523468865795
Case1-arc,0.8348051582853696,7,-0.005283642820821665,0.7936249400290104,2.8985783969060995e-14,-1527045.6311430593,175.81231023403717,41.90156481277552
Case1-arc,0.8348051582853696,20,2.4271139702992772,3.298836409186946,4.440892098500626e-16,0.07429122978278913,51.056547774610436,4.657732532997727e-16
Case1-arc,0.8521940353840631,21,-2.9938030878539084,-3.2773785670576756,6.280369834735101e-16,-0.046047329648270185,58.31681673095407,0.21244101697744205
Case1-arc,0.8521940353840631,4,-0.8173889910549184,-0.015805630000941796,3.7307319761353424e-14,-1184504.0669105966,237.35104614115676,39.259270029229896
Case1-arc,0.8521940353840631,2,-0.5113083254300781,0.6530633990891063,2.920224245662579e-14,-2122314.213276971,204.60391920414767,45.556304553682864
Case1-arc,0.8521940353840631,7,-0.004330674167197625,0.8073451474057788,1.1302136594185966e-13,-2570695.06769888,200.52334999518274,47.710740344264295
Case1-arc,0.8521940353840631,22,2.3031915911504184,3.6512697918035246,0.0,0.07097480083527219,56.7084531767422,1.2902005852577503e-15
Case1-arc,0.8695828781433939,23,-2.8338331326042487,-3.694326898192341,0.0,-0.045062262429242494,64.20107006026335,0.2100693324250497
Case1-arc,0.8695828781433939,4,-0.8218814065503919,-0.015870645807613586,2.6425915636960526e-14,-1634832.9594494095,272.4057080638931,42.545071461681324
Case1-arc,0.8695828781433939,2,-0.49911868280063537,0.6676094938962936,1.0503609043372396e-13,-3196141.6832348937,233.40911215532864,50.42934014006271
Case1-arc,0.8695828781433939,7,-0.0035839454002377096,0.819428920717088,3.597845529628217e-14,-4269044.259850008,226.60570341498115,54.144914865896
Case1-arc,0.8695828781433939,24,2.211360610722648,3.9563249199135533,4.440892098500626e-16,0.06834239200644299,62.48779801497858,1.4849232954361469e-15
Case1-arc,0.8869717463063032,25,-2.7173345852627024,-4.041750860065265,9.930136612989092e-16,-0.044667582874347245,70.27898184223858,0.20905340554037236
Case1-arc,0.8869717463063032,4,-0.8254996476177489,-0.015898499035076338,7.427927220761817e-14,-2205195.1673305626,310.3549311450597,45.84439231429236
Case1-arc,0.8869717463063032,2,-0.48624115243412197,0.6815002149254918,9.586878675038927e-14,-4691169.020299902,264.3532180198716,55.47571344731594
Case1-arc,0.8869717463063032,7,-0.002976934914999229,0.8302880168357414,1.5799183758069867e-13,-7076208.169309834,254.39751481746995,61.421396929505754
Case1-arc,0.8869717463063032,26,2.1464579981316487,4.231629134492848,9.930136612989092e-16,0.06600390255657396,68.46082129877955,2.3592239273284576e-16
Case1-arc,0.9043606481265204,27,-2.636436210567297,-4.34714299442714,0.0,-0.04431489598759164,76.61783563713131,0.20815511129351222
Case1-arc,0.9043606481265204,4,-0.8284703378228453,-0.01590336909157451,1.1943110787835914e-13,-2925131.6675526695,351.75205153528697,49.194740711977154
Case1-arc,0.9043606481265204,2,-0.4727760133678175,0.6948148137521098,1.5329225254073878e-13,-6761698.131291073,297.8751949763857,60.75809841627296
Case1-arc,0.9043606481265204,7,-0.002467404612618544,0.840225560470298,8.593162016160783e-14,-11844738.954036338,284.27584746265046,69.84908814049801
Case1-arc,0.9043606481265204,28,2.103304311856823,4.488788775069387,1.831026719408895e-15,0.06379260142441323,74.69551443960287,4.2934406030425976e-17
Case1-arc,0.9217495796553156,29,-2.583156014369215,-4.627739841233305,0.0,-0.04385360122675053,83.2896890992722,0.20702330796261842
Case1-arc,0.9217495796553156,4,-0.8309514980728394,-0.015893323995005693,6.554205552031485e-14,-3833690.6160139516,397.25244438502034,52.63257963773962
Case1-arc,0.9217495796553156,2,-0.45879666553625176,0.7076103877566751,4.2737818666583165e-14,-9625758.531225491,334.49071689440825,66.3427717066982
Case1-arc,0.9217495796553156,7,-0.0020267353507995036,0.8494866769578141,3.232580123482394e-13,-20298847.43892852,316.65859642400693,79.90372339874828
Case1-arc,0.9217495796553156,28,2.0777703190895713,4.735686664678318,9.930136612989092e-16,0.061639220744331036,81.26370499182546,7.411606051110908e-16
Case1-arc,0.9391385350090072,30,-2.5514260009287772,-4.894559007490646,8.881784197001252e-16,-0.04325665694311831,90.3733096723569,0.20558624862638727
Case1-arc,0.9391385350090072,4,-0.8330565993030609,-0.015873094391232374,1.36499335743075e-13,-4982828.206000631,447.6383143349848,56.19464431023731
Case1-arc,0.9391385350090072,2,-0.44435856446908295,0.7199284500714989,1.572212614654674e-13,-13594946.194311284,374.81124661182196,72.30215625972576
Case1-arc,0.9391385350090072,7,-0.0016336836258808456,0.8583016178289645,3.596034988312118e-13,-36323593.12892821,352.00089735661174,92.40001101114503
Case1-arc,0.9391385350090072,28,2.0668077429645804,4.977988079119533,0.0,0.059515370484179986,88.24352517920353,1.3322676295501878e-15
Case1-arc,0.9565275089345157,31,-2.536954602274442,-5.155106054921275,4.440892098500626e-16,-0.042532840749803125,97.95673599792659,0.20385382322375403
Case1-arc,0.9565275089345157,4,-0.8348691697703036,-0.01584552351605729,5.641481806277968e-14,-6442235.996227483,503.8522743012121,59.919237268273065
Case1-arc,0.9565275089345157,2,-0.42950480607008357,0.7317994265000146,1.771145023259792e-14,-19120069.788046733,419.5698441441757,78.7176302205536
Case1-arc,0.9565275089345157,7,-0.0012696129443772544,0.8669452572265524,3.196334695844921e-13,-70305113.15517655,390.76636787809696,108.9680270812275
Case1-arc,0.9565275089345157,28,2.0682456109140395,5.220053480667318,8.881784197001252e-16,0.05740944325407771,95.72219414022001,1.1102230246251565e-16
Case1-arc,0.9739164972615094,32,-2.536780989551829,-5.41491607023922,8.881784197001252e-16,-0.04169895190561812,106.1404309559598,0.20185479153085642
Case1-arc,0.9739164972615094,4,-0.8364519917171888,-0.01581235777851499,1.6987584680487825e-13,-8306284.491297375,567.0418952953395,63.84755569740161
Case1-arc,0.9739164972615094,2,-0.4142697439379242,0.743245726009779,1.3875483903798453e-13,-26862112.411526073,469.65531721132066,85.68278404022604
Case1-arc,0.9739164972615094,7,-0.0009114678986671018,0.8758877206323287,9.722237852004115e-13,-160213321.01183718,433.29525121257103,133.86003732535045
Case1-arc,0.9739164972615094,28,2.080583746830121,5.465494462776385,8.881784197001252e-16,0.05531651157206796,103.79925609699548,6.396792817664476e-16
Case1-arc,0.9913054968024457,33,-2.548903241587285,-5.678431341239578,0.0,-0.040771267002988276,115.04118315401482,0.19961739658440403
Case1-arc,0.9913054968024457,4,-0.8378530849418007,-0.01577469345067434,4.9952183096473135e-14,-10704154.403424427,638.6190171781898,68.02513976332366
Case1-arc,0.9913054968024457,2,-0.3986814075414097,0.7542838615081818,6.481744069217861e-14,-37804483.96047886,526.1575809385685,93.30738311775295
Case1-arc,0.9913054968024457,34,2.102833957413049,5.7175282014508575,8.881784197001252e-16,0.05323412240740133,112.59050608252802,5.156465532341059e-16
Case1-arc,1.0,33,-2.559146418011951,-5.812801758481176,4.440892098500626e-16,-0.04027658943378154,119.80260282593527,0.19841658294079387
Case1-arc,1.0,4,-0.8384974672512004,-0.01575440548347968,1.4738461302608794e-13,-12156714.679265935,678.085442931097,70.22323118033954
Case1-arc,1.0,2,-0.3907622113642257,0.7596537915892843,3.8310964216080567e-13,-44913713.611425176,557.225174130852,97.40690302898531
Case1-arc,1.0,34,2.117479299494602,5.846976246389498,9.930136612989092e-16,0.05219634235832993,117.29576676591084,4.779163176316104e-16
Case2-loop,0.0,1,-1.3325362364626356,2.6128323749542344,0.0,0.040371901145435096,26.047733485893925,6.31873026124552e-16
Case2-loop,0.0,2,-0.9760030826011696,-0.00230521843418469,5.599321778937908e-14,-2198077.3606338403,54.05714701799508,45.78402069224606
Case2-loop,0.0,3,-0.03962677595366513,2.9391743898382967,4.440892098500626e-16,-0.025670450687523664,26.054746007284734,0.15890836507897907
Case2-loop,0.0,4,-2.602375290731994e-05,0.7161037294700999,1.76525460995546e-14,-112243.85334500184,73.2867468695583,21.74037861694525
Case2-loop,0.0,5,0.007670927162916084,-0.9252086735769807,1.9762000293421524e-14,-120585.22706727147,71.8914715356912,22.13437579064433
Case2-loop,0.0,6,0.011089409240259595,-3.0618109988553557,4.44092597968927e-16,-0.2240693014064229,27.151346128610633,0.4458251027101986
Case2-loop,0.0,7,1.3758710423572125,2.589662207339094,0.0,0.04368471170603905,26.045806988506534,1.7167257199135477e-15
Case2-loop,0.017855514841495588,1,-1.4041722300450852,2.5400189894384924,2.220446049250313e-16,0.04614032936474244,25.502081582049225,6.938893903907228e-17
Case2-loop,0.017855514841495588,2,-0.9573955162536036,-0.004062828629781076,3.3324332586232995e-15,-728036.2439073728,54.11992266658343,34.730086564450666
Case2-loop,0.017855514841495588,3,-0.10231062889834622,2.90807679166681,4.440892098500626e-16,-0.03209791166723547,25.51064942647728,0.1773756651361413
Case2-loop,0.017855514841495588,4,-8.628622875951772e-05,0.7125322340617873,1.2212457963997822e-15,-102972.57534677183,71.32930747074784,21.27607498931631
Case2-loop,0.017855514841495588,5,0.02411462669190654,-0.9217934281550636,1.201346995629468e-14,-111069.96670596798,69.87119308177544,21.683311262371433
Case2-loop,0.017855514841495588,6,0.03581712670362676,-3.030766939032894,4.440892098500626e-16,-0.23152914162466667,26.58453752203262,0.45249831577090405
Case2-loop,0.017855514841495588,7,1.517944885335278,2.471688507807667,2.220446049250313e-16,0.05551953884488281,25.495226953177646,1.111090386363145e-15
Case2-loop,0.03571103235805128,1,-1.465903088676907,2.469366174430225,0.0,0.05218071858062534,24.96357353734097,1.6740081543176188e-16
Case2-loop,0.03571103235805128,2,-0.944422287838685,-0.0052614604042373085,4.8644595029053786e-14,-431128.54596125236,53.602984632244635,30.464648386778297
Case2-loop,0.03571103235805128,3,-0.1459482128380349,2.8767467424763957,4.518280359883027e-16,-0.03872862535937403,24.973985856948033,0.1944911526003073
Case2-loop,0.03571103235805128,4,-0.00015260372444151314,0.7089455494011778,1.4654944027722727e-14,-94447.16958154671,69.39932523310026,20.820580522434962
Case2-loop,0.03571103235805128,5,0.040428177550420365,-0.9179638254677155,1.4565796124891043e-14,-102245.84109214149,67.89171056948274,21.2382896306151
Case2-loop,0.03571103235805128,6,0.061663924370005826,-2.9995892632006314,4.518280359883027e-16,-0.23932315583165586,26.02497329708213,0.45933602731025625
Case2-loop,0.03571103235805128,7,1.6307649042578878,2.360138543971702,2.220446049250313e-16,0.06663416205951478,24.950793987442104,1.0495077029659683e-15
Case2-loop,0.05356655288312335,1,-1.5185438126670592,2.4012898294472347,0.0,0.05843151005387881,24.43169240128852,3.8163916471489756e-17
Case2-loop,0.05356655288312335,2,-0.9335790081536792,-0.006241999101229513,2.269044607445824e-14,-299966.48858387646,52.85977266312335,27.822348498198274
Case2-loop,0.05356655288312335,3,-0.1780856927470423,2.845567809872376,4.577566798522237e-16,-0.045697922857976477,24.444202102127953,0.21088271978130596
Case2-loop,0.05356655288312335,4,-0.0002254430984137982,0.7053372222999252,1.0880186111435212e-14,-86597.06001459474,67.49526134230021,20.373032142089524
Case2-loop,0.05356655288312335,5,0.05659961856884969,-0.9137169605062937,1.7359026871448984e-15,-94059.56618648085,65.95061790366134,20.798857166734233
Case2-loop,0.05356655288312335,6,0.0886142914511395,-2.968215237278687,4.440892098500626e-16,-0.24749306004506366,25.472093894551186,0.46636287143342275
Case2-loop,0.05356655288312335,7,1.722723667220079,2.253903606586014,0.0,0.07730168732901,24.412037895733008,4.579669976578771e-16
Case2-loop,0.07142207680675017,1,-1.5629547547783729,2.3360276797423523,2.220446049250313e-16,0.06486362538645563,23.905936021154343,2.2490689866039304e-15
Case2-loop,0.07142207680675017,2,-0.9238920831609415,-0.007099440650048062,1.9255729098026797e-14,-225205.5149640618,51.990633001533844,25.89724768673799
Case2-loop,0.07142207680675017,3,-0.20266267718650915,2.8146311979911394,2.7755575615628914e-17,-0.05307781269389256,23.920767096842443,0.22684532791271536
Case2-loop,0.07142207680675017,4,-0.0003053279814314764,0.7017003576933195,1.1435308795324942e-14,-79359.91370737525,65.61561171969481,19.932614048318424
Case2-loop,0.07142207680675017,5,0.07261649138709646,-0.909049590357084,2.98991873801806e-14,-86462.58896169339,64.04560452255319,20.36456958164089
Case2-loop,0.07142207680675017,6,0.11665211353822239,-2.936579804459876,0.0,-0.25608871635893254,24.925351805950243,0.47360765280259315
Case2-loop,0.07142207680675017,7,1.7986575434900258,2.152359348755748,0.0,0.08769560948778787,23.87848173779615,1.27675647831893e-15
Case2-loop,0.08927760458751952,1,-1.5999469483384368,2.273704945633981,2.220446049250313e-16,0.07147109804979812,23.38581431101678,1.478851763270228e-16
Case2-loop,0.08927760458751952,2,-0.9149240595897045,-0.00787640007523855,2.454236551165264e-14,-176675.89346937576,51.0408027789885,24.371802161515806
Case2-loop,0.08927760458751952,3,-0.22195756825030405,2.7839368353440523,4.440892098500626e-16,-0.060921680679812684,23.40316574329034,0.242552855687118
Case2-loop,0.08927760458751952,4,-0.00039284847950353616,0.6980275275893668,5.10703482552765e-15,-72680.52415551963,63.758905580262805,19.49855046798961
Case2-loop,0.08927760458751952,5,0.08846576943426832,-0.9039580676914946,1.1157603309187458e-15,-79410.62470674298,62.17444705671152,19.93499052991167
Case2-loop,0.08927760458751952,6,0.1457601440601907,-2.904615467539588,4.440892098500626e-16,-0.26516946836776206,24.384210000042348,0.4811037376937007
Case2-loop,0.08927760458751952,7,1.8616966780870623,2.0550974346199955,2.220446049250313e-16,0.09794538395348651,23.349646540475955,1.3322676295501878e-15
Case2-loop,0.10713313676814679,1,-1.6302490149739883,2.214374841733695,4.965068306494546e-16,0.0782655809225763,22.870847043036633,4.85722573273506e-16
Case2-loop,0.10713313676814679,2,-0.9064326604130131,-0.00859630121361162,4.705263713209356e-15,-142588.40542797506,50.03495252587058,23.099339605662355
Case2-loop,0.10713313676814679,3,-0.2373816229627539,2.753455056198099,4.47545209131181e-16,-0.06927962666543139,22.890895610538763,0.25812685073126
Case2-loop,0.10713313676814679,4,-0.0004886728970864703,0.6943106673600983,1.9761974560060042e-14,-66509.86939161728,61.923703722630336,19.070099122553092
Case2-loop,0.10713313676814679,5,0.10413377387749878,-0.898438262644876,1.0235750533041806e-15,-72863.24432632113,60.33500141939447,19.50969014000409
Case2-loop,0.10713313676814679,6,0.17591931695185167,-2.8722521960133522,5.551115123125783e-17,-0.27480569982487696,23.848140396042623,0.4888894695558758
Case2-loop,0.10713313676814679,7,1.9140251255217353,1.9618216316210353,2.220446049250313e-16,0.10815874431105188,22.82505275193676,1.149687983703629e-15
Case2-loop,0.12498867399489161,1,-1.6545011944133057,2.1580434124818897,0.0,0.0852734423744419,22.36056200355604,8.257283745649602e-16
Case2-loop,0.12498867399489161,2,-0.898265517898372,-0.009273644163268676,2.0259661987989376e-14,-117348.36928053483,48.988028344924494,22.000543038104535
Case2-loop,0.12498867399489161,3,-0.24985396138443577,2.7231475915225487,4.449557262054371e-16,-0.0782049459901254,22.38346479800704,0.27366347536016217
Case2-loop,0.12498867399489161,4,-0.0005935619791357042,0.690540956075973,1.4543922553679174e-14,-60804.31394228778,60.10859661898502,18.646545260025928
Case2-loop,0.12498867399489161,5,0.11960607370416519,-0.8924854706331977,4.39593030916076e-15,-66783.50577285621,58.52519528113484,19.08824356495495
Case2-loop,0.12498867399489161,6,0.20710788807145084,-2.8394173742216293,8.326672684688674e-17,-0.28508065679158673,23.316622378778945,0.49700860388675205
Case2-loop,0.12498867399489161,7,1.9572489002493794,1.872300088372859,0.0,0.11843260104786424,22.304220303290663,2.220446049250313e-15
Case2-loop,0.1428442170428657,1,-1.67326057462247,2.1046847096531915,2.220446049250313e-16,0.09253458831646233,21.85449341921393,1.855286757557195e-15
Case2-loop,0.1428442170428657,2,-0.8903177101650613,-0.009918147295641264,4.11066071977125e-15,-97943.79267326587,47.909685846690834,21.027819191926284
Case2-loop,0.1428442170428657,3,-0.25999666936344173,2.6929749727608647,4.440892098500626e-16,-0.0877576171667018,21.88039037943341,0.28924581193438437
Case2-loop,0.1428442170428657,4,-0.0007083863164782512,0.6867086768279379,2.886597097836619e-15,-55524.92982840138,58.31220236796709,18.22719612199825
Case2-loop,0.1428442170428657,5,0.1348673663634031,-0.886094303047146,1.6949205360862462e-14,-61137.624502309816,56.743020890246704,18.670229550618952
Case2-loop,0.1428442170428657,6,0.23930039470427675,-2.8060358105534364,2.7755575615628914e-17,-0.29609258061534965,22.78914135346502,0.5055107543454448
Case2-loop,0.1428442170428657,7,1.9925951466169962,1.786340657662093,0.0,0.12885928318253237,21.786667978023498,7.979727989493313e-17
Case2-loop,0.16069976684905074,1,-1.6870103734315167,2.054249926255187,4.965068306494546e-16,0.10010248597783811,21.35218060451628,1.481020167615199e-16
Case2-loop,0.16069976684905074,2,-0.8825115802813839,-0.010536708281286647,1.7815765918672106e-14,-82602.03799743633,46.80641773722307,20.150400223128706
Case2-loop,0.16069976684905074,3,-0.26824373265190865,2.6628990389707434,0.0,-0.09800679913298199,21.381197209264236,0.30495032243032866
Case2-loop,0.16069976684905074,4,-0.0008341477540390219,0.6828030519816194,6.550337125162096e-15,-50636.9165768308,56.53316457573312,17.811375733234378
Case2-loop,0.16069976684905074,5,0.14990133442602716,-0.8792585569813828,3.1106063782808446e-15,-55894.67850022681,54.98652821321338,18.255229022581883
Case2-loop,0.16069976684905074,6,0.2724664261210719,-2.772029831635433,0.0,-0.3079572074852881,22.26518734119471,0.5144518386640282
Case2-loop,0.16069976684905074,7,2.021028991244977,1.703776935781165,2.220446049250313e-16,0.1395306866055228,21.271912398664103,6.159352541890151e-16
Case2-loop,0.17855532455555595,1,-1.696170163761336,2.0066726525358765,2.220446049250313e-16,0.10804508849798333,20.853166818459645,4.757479132866393e-16
Case2-loop,0.17855532455555595,2,-0.8747859689895882,-0.011134438483065716,3.2571215288827127e-15,-70208.22315965118,45.682692059999894,19.347238288059856
Case2-loop,0.17855532455555595,3,-0.27490529788162094,2.6328836234901707,0.0,-0.10903313405313038,20.8854170199632,0.32085072365971146
Case2-loop,0.17855532455555595,4,-0.0009720059047995859,0.6788120469845803,4.551955311437685e-15,-46109.10398302748,54.770150240784325,17.39841991455125
Case2-loop,0.17855532455555595,5,0.16469047244962048,-0.8719710591477912,5.925149092659698e-15,-51026.34399564343,53.25381838587754,17.842823699056332
Case2-loop,0.17855532455555595,6,0.30656920410209476,-2.737319489265693,4.47545209131181e-16,-0.32081070032394216,21.74425362136606,0.5238945091603127
Case2-loop,0.17855532455555595,7,2.0433264417591146,1.6244597656831126,0.0,0.15054146215022568,20.759466787932187,2.248201624865942e-15
Case2-loop,0.19641089156774125,1,-1.7011057714902398,1.9618715783969316,2.220446049250313e-16,0.11644650119992761,20.35699835062453,5.273559366969494e-16
Case2-loop,0.19641089156774125,2,-0.8670899229956083,-0.01171525192698649,1.3988550243533002e-14,-60024.137176933604,44.54161137279365,18.603275495196304
Case2-loop,0.19641089156774125,3,-0.28020732221483047,2.602894582940272,1.1102230246251565e-16,-0.12093123434125394,20.392587813300164,0.33702062803019306
Case2-loop,0.19641089156774125,4,-0.0011233112313349585,0.6747221345906771,1.9317890268343098e-14,-41913.524359801944,53.02184773993485,16.987671430369502
Case2-loop,0.19641089156774125,5,0.17921587654618787,-0.8642234778131564,6.8168055347189735e-15,-46506.65848202922,51.54303749126505,17.432594746556074
Case2-loop,0.19641089156774125,6,0.3415639809615022,-2.701822911218634,4.440892098500626e-16,-0.3348130906632637,21.225835434986337,0.5339085486219409
Case2-loop,0.19641089156774125,7,2.060122104117321,1.5482517266947533,4.965068306494546e-16,0.1619918192359131,20.2488395994642,9.262881260629907e-16
Case2-loop,0.21426646963245172,1,-1.7021383937630776,1.9197514885900293,0.0,0.12540932346758815,19.863223892950774,6.661338147750939e-16
Case2-loop,0.21426646963245172,2,-0.8593787135706584,-0.012282218956906772,1.0991622040984865e-14,-51540.519713563095,43.385318279384826,17.907336400123068
Case2-loop,0.21426646963245172,3,-0.2843169919655748,2.572899628331621,5.551115123125783e-17,-0.13381258568098775,19.902253601402425,0.353535564901234
Case2-loop,0.21426646963245172,4,-0.0012896466510121092,0.6705180090232639,9.103837192196947e-15,-38025.04340634536,51.286965051580985,16.57847519221668
Case2-loop,0.21426646963245172,5,0.19345698688331023,-0.8560060948995026,1.5720562993600067e-14,-42311.80811048219,49.85237071804987,17.02412150995107
Case2-loop,0.21426646963245172,6,0.3773962740401373,-2.665456829459139,4.440892098500626e-16,-0.35015232211432584,20.709428774913412,0.5445712081618742
Case2-loop,0.21426646963245172,7,2.0719416378689486,1.4750233436874638,2.220446049250313e-16,0.17399028637445602,19.73953309270999,3.337607967779377e-15
Case2-loop,0.23212206094531754,1,-1.6995528324920202,1.880203133418506,6.280369834735101e-16,0.13505766792000795,19.37139429862186,1.5265566588595902e-15
Case2-loop,0.23212206094531754,2,-0.8516111131018191,-0.012837785224646112,2.7814147467806897e-15,-44394.11799674474,42.21525716510356,17.250865615677245
Case2-loop,0.23212206094531754,3,-0.28735958382480625,2.542868147683729,4.47545209131181e-16,-0.1478090555751183,19.413964605966598,0.37047468839191977
Case2-loop,0.23212206094531754,4,-0.0014728803086720415,0.666182236457436,7.882630076425509e-15,-34421.04076658021,49.56422841664158,16.170173450473023
Case2-loop,0.23212206094531754,5,0.20739127028555285,-0.8473075281619346,1.319231005588261e-14,-38419.936922721696,48.1800370128897,16.61698037164505
Case2-loop,0.23212206094531754,6,0.4139999695960963,-2.62813732019129,4.47545209131181e-16,-0.3670490029839951,20.19452930808766,0.5559674594127242
Case2-loop,0.23212206094531754,7,2.079224524017847,1.4046503209385168,4.965068306494546e-16,0.1866566711774944,19.23104193143364,6.262351748276274e-16
Case2-loop,0.2499776683007215,1,-1.6936048655394964,1.843102420394134,4.965068306494546e-16,0.1455409172178883,18.88106289250423,2.7755575615628914e-16
Case2-loop,0.2499776683007215,2,-0.8437473712034278,-0.01338390736442005,5.10770467300817e-15,-38318.54744101447,41.03234998799466,16.62713465398724
Case2-loop,0.2499776683007215,3,-0.2894300167387803,2.5127711052242,5.551115123125783e-17,-0.1630772015243328,18.927278090693395,0.38792233580823593
Case2-loop,0.2499776683007215,4,-0.0016752331281530207,0.6616948239639863,8.659873389670075e-15,-31081.132923319994,47.85238174210838,15.762100922055275
Case2-loop,0.2499776683007215,5,0.22099382591692596,-0.8381143904529205,7.69505501592758e-15,-34810.97576473442,46.524284433883835,16.210743831216547
Case2-loop,0.2499776683007215,6,0.4512953445651027,-2.5897807890276434,8.899114524108741e-16,-0.3857619926939735,19.680631505174837,0.5681901289545708
Case2-loop,0.2499776683007215,7,2.082340441949358,1.3370113938620716,4.965068306494546e-16,0.20012542940093492,18.722851912718532,5.585809592645319e-16
Case2-loop,0.2678332953040927,1,-1.6845278058514634,1.8083093082935882,7.021666937153402e-16,0.15703834007793027,18.391786590512343,2.6367796834847468e-15
Case2-loop,0.2678332953040927,2,-0.8357475676009177,-0.013922132254511806,2.7756795316273485e-15,-33113.85565776875,39.83711866287866,16.030723273297927
Case2-loop,0.2678332953040927,3,-0.29060103211445826,2.482581066186618,0.0,-0.17980360293116737,18.44176009711347,0.40596952908209255
Case2-loop,0.2678332953040927,4,-0.001899366130714389,0.6570326833102493,6.8833850615234554e-15,-27986.93237837805,46.150187221642426,15.353579826940313
Case2-loop,0.2678332953040927,5,0.2342368912524396,-0.8284108692914443,2.102290188432565e-15,-31466.489082493455,44.883386563832296,15.804979955305967
Case2-loop,0.2678332953040927,6,0.4891870699451986,-2.55030523116484,4.440892098500626e-16,-0.40659496247846444,19.167228102147174,0.58133987740388
Case2-loop,0.2678332953040927,7,2.0816012912482122,1.2719865430169475,0.0,0.2145496569846237,18.2144389888762,5.551115123125783e-15
Case2-loop,0.2856889466787565,1,-1.6725382858729403,1.775666759897461,2.220446049250313e-16,0.1697647607859465,17.903128227045457,1.2216790079566664e-15
Case2-loop,0.2856889466787565,2,-0.8275701360901039,-0.014453633325420571,4.9960713729894465e-15,-28626.95175331316,38.6297735201988,15.457168598231208
Case2-loop,0.2856889466787565,3,-0.2909292050834544,2.4522723915086373,8.899114524108741e-16,-0.19821148779980888,17.956988497313006,0.424715468998039
Case2-loop,0.2856889466787565,4,-0.002148494490233187,0.6521689581818757,1.5559188911201214e-15,-25121.83816821016,44.45642792322595,14.943914850837128
Case2-loop,0.2856889466787565,5,0.24708921751516533,-0.8181782050436743,4.288393621505008e-15,-28369.538169389045,43.255640588798244,15.399252441775351
Case2-loop,0.2856889466787565,6,0.5275622716237348,-2.509631791181958,1.1102230246251565e-16,-0.4299040795926789,18.653810098588963,0.5955249772405428
Case2-loop,0.2856889466787565,7,2.0772701663059783,1.2094553956807765,4.440892098500626e-16,0.23010595012432322,17.705268841869497,4.514184165360646e-15
Case2-loop,0.3035446287191614,1,-1.6578412837984826,1.7450000995312671,2.220446049250313e-16,0.18397756676044974,17.41466071171866,1.061650767297806e-15
Case2-loop,0.3035446287191614,2,-0.8191704115828446,-0.014979208851640863,3.1117206475519724e-15,-24738.613581696114,37.41028038518974,14.90272074126008
Case2-loop,0.3035446287191614,3,-0.29045956630943914,2.42182166018983,4.577566798522237e-16,-0.21856898438716157,17.472558000102776,0.4442690387112073
Case2-loop,0.3035446287191614,4,-0.0024265381812583016,0.6470721726974585,6.669064254580515e-16,-22470.85372389299,42.7699135470769,14.532388132046407
Case2-loop,0.3035446287191614,5,0.2595152724817903,-0.8073940397599962,5.056087786996822e-15,-25504.559841741735,41.63936805614057,14.993121696225986
Case2-loop,0.3035446287191614,6,0.5662887290456351,-2.4676866415405696,1.1102230246251565e-16,-0.45610695349064073,18.139867630634747,0.6108608282712024
Case2-loop,0.3035446287191614,7,2.0695681590267037,1.1492956824841791,0.0,0.24700043288742068,17.19479743487984,6.7584826624056404e-15
Case2-loop,0.32140034997302036,1,-1.6406344013538503,1.7161171105166104,0.0,0.19998544806508,16.92597399225388,2.3757038003502373e-15
Case2-loop,0.32140034997302036,2,-0.8104990771721715,-0.015499240496069716,1.2212564154686428e-15,-21354.621247255698,36.178415251178656,14.364168438265812
Case2-loop,0.32140034997302036,3,-0.2892293680590862,2.3912084062782846,5.551115123125783e-17,-0.2411993921574018,16.988088102244618,0.4647502961830161
Case2-loop,0.32140034997302036,4,-0.0027383233268286184,0.6417051445198342,1.909585316611296e-14,-20020.428967347452,41.089491312572065,14.118254518979935
Case2-loop,0.32140034997302036,5,0.2714742126255513,-0.7960316009930394,8.502634173033101e-15,-22857.260010090613,40.03292001317237,14.586147574429463
Case2-loop,0.32140034997302036,6,0.605213283571979,-2.424403196723325,4.577566798522237e-16,-0.4856929266048603,17.624892280566886,0.6274691201423024
Case2-loop,0.32140034997302036,7,2.058679607264449,1.0913816360291415,2.220446049250313e-16,0.2654763296319871,16.682473245320132,0.08806880589622017
Case2-loop,0.33925612229650814,1,-1.6211114272457008,1.68880918935561,0.0,0.21815938384774958,16.436686381660717,1.5785983631388945e-15
Case2-loop,0.33925612229650814,2,-0.8015003927986609,-0.016013603614549583,1.353604628262976e-15,-18399.560355282614,34.933814104321485,13.838712452532302
Case2-loop,0.33925612229650814,3,-0.28727139026627885,2.360416306554854,4.742874840267547e-16,-0.26649391956461493,16.50323555296376,0.4862918815092007
Case2-loop,0.33925612229650814,4,-0.0030898546776607304,0.6360235862085495,2.4437239692839804e-15,-17758.324416171243,39.41406521165537,13.700737619289098
Case2-loop,0.33925612229650814,5,0.2829185439635256,-0.7840586760485686,8.395407851245275e-15,-20414.522262116745,38.434689400395776,14.177894874351848
Case2-loop,0.33925612229650814,6,0.6441604996050937,-2.379724688286734,4.577566798522237e-16,-0.5192346406397659,17.10838176832371,0.6454764940792908
Case2-loop,0.33925612229650814,7,2.0447562636699144,1.0355822236908514,4.965068306494546e-16,0.2858235599773806,16.16774236182667,0.13254443431054602
Case2-loop,0.3571119625253942,1,-1.5994652924574055,1.662853855108935,3.1401849173675503e-16,0.23894649766413512,15.946462778199638,0.10464987892234986
Case2-loop,0.3571119625253942,2,-0.7921100779190787,-0.016521512225951294,3.66379511908605e-15,-15812.400816786361,33.67602583091076,13.32387322704159
Case2-loop,0.3571119625253942,3,-0.28461711695389613,2.3294350346872346,5.551115123125783e-17,-0.2949273399173614,16.01771385583104,0.5090401753582818
Case2-loop,0.3571119625253942,4,-0.0034886891382559216,0.6299742925804125,5.440116485675157e-15,-15673.496050013864,37.74262907125354,13.279027673629203
Case2-loop,0.3571119625253942,5,0.2937923589588965,-0.7714363235803016,6.850399944303774e-15,-18164.332502483274,36.84313561294188,13.767943398671285
Case2-loop,0.3571119625253942,6,0.682931563690555,-2.333607157900964,0.0,-0.5574004615926191,16.589848638043975,0.665012447386251
Case2-loop,0.3571119625253942,7,2.0279208071603105,0.9817591039404536,1.1102230246251565e-16,0.30839095047827514,15.650058458257043,0.16754270407778377
Case2-loop,0.3749678951957793,8,-2.2259535980805496,-0.6251573256493398,0.0,-0.09028524686051309,15.653860827273164,0.30277843099723295
Case2-loop,0.3749678951957793,9,-2.0357074669155573,-1.0748784151105233,4.965068306494546e-16,0.084052017315972,15.651588903066429,1.005705935197554e-15
Case2-loop,0.3749678951957793,1,-1.5758906618083082,1.6380189206176958,0.0,0.26288743101742584,15.455043958461138,0.15822692788683007
Case2-loop,0.3749678951957793,2,-0.7822527025763623,-0.017021268925107358,2.401779625492033e-15,-13543.28657642876,32.40457858013714,12.817425201662228
Case2-loop,0.3749678951957793,3,-0.28130010640091735,2.2982631280157375,0.0,-0.3270768825911524,15.531323947242619,0.5331558851830325
Case2-loop,0.3749678951957793,4,-0.003944454522358148,0.6234927796602494,1.3571924829861478e-16,-13756.000919378199,36.07432273791908,12.852283251278497
Case2-loop,0.3749678951957793,5,0.30402899207348677,-0.7581172656603495,4.145163035616955e-15,-16095.722108373087,35.25682975359912,13.355905694361068
Case2-loop,0.3749678951957793,6,0.7213033085103882,-2.2860230039441514,1.1102230246251565e-16,-0.6009666068978088,16.06883573825835,0.6862060228182985
Case2-loop,0.3749678951957793,7,2.0082701616926455,0.929764191563165,0.0,0.33360176316758916,15.128901123662828,0.19844849649542434
Case2-loop,0.39282395709767376,8,-2.2506334264851686,-0.3902601507106401,0.0,-0.20992012462482337,15.158063128887543,0.44377784446092355
Case2-loop,0.39282395709767376,10,-1.8383882035018733,-1.3136730741344775,0.0,0.1797654930023067,15.135207158405398,1.7876325419940997e-15
Case2-loop,0.39282395709767376,1,-1.5505866385538891,1.6140687207831532,4.965068306494546e-16,0.29063767844501864,14.962293989249362,0.20157240832941803
Case2-loop,0.39282395709767376,2,-0.771838423198501,-0.017509870058391552,7.947987303456224e-16,-11551.171425016515,31.119075510445462,12.317355107422655
Case2-loop,0.39282395709767376,3,-0.2773599313380946,2.2669124300813146,4.47545209131181e-16,-0.36364420706107686,15.044002971412958,0.5588134435573751
Case2-loop,0.39282395709767376,4,-0.004469579054120816,0.6165002061035347,4.710221474397121e-16,-11996.92518921215,34.40852762040463,12.41964060267561
Case2-loop,0.39282395709767376,5,0.3135478762049743,-0.7440439161421648,5.943842099167798e-15,-14198.734305314787,33.67453560772295,12.941457858431802
Case2-loop,0.39282395709767376,6,0.7590270942635697,-2.2369653849475846,2.220446049250313e-16,-0.6508263011638444,15.54494344009068,0.7091804576552058
Case2-loop,0.39282395709767376,7,1.98587926305643,0.8794367260411046,2.220446049250313e-16,0.3619732589474651,14.603808660950776,0.22724094629061498
Case2-loop,0.4106802051017491,8,-2.2397757471927844,-0.26115752279509374,5.551115123125783e-17,-0.30270909819044534,14.665815207668746,0.5205722929189028
Case2-loop,0.4106802051017491,10,-1.683929024109882,-1.442244231830547,0.0,0.24545699077263006,14.609894855584578,0.13613800174186855
Case2-loop,0.4106802051017491,1,-1.5237604369236164,1.5907730545774272,2.220446049250313e-16,0.322992533986564,14.468277851108294,0.24075106881249062
Case2-loop,0.4106802051017491,2,-0.7607589039604862,-0.01798238389177966,2.998959119852774e-15,-9802.061333963082,29.819346791521014,11.821846935059833
Case2-loop,0.4106802051017491,3,-0.2728471953032843,2.2354150382782785,4.577566798522237e-16,-0.4054790631399413,14.5559029328157,0.5861980572473313
Case2-loop,0.4106802051017491,4,-0.005080328249434886,0.6088993861876957,1.3322687589269721e-15,-10388.338868599523,32.74503040815811,11.980238050343988
Case2-loop,0.4106802051017491,5,0.3222503080196917,-0.7291460594713159,6.408593517931132e-15,-12464.422115676538,32.09535328971743,12.524392914396572
Case2-loop,0.4106802051017491,6,0.7958270467760492,-2.1864541198221805,1.1102230246251565e-16,-0.7079902366312821,15.017877490424528,0.7340443038274342
Case2-loop,0.4106802051017491,7,1.9608063181581423,0.8305997918244338,3.1401849173675503e-16,0.3941407363810838,14.074436274207404,0.2549494902158824
Case2-loop,0.4285367299229881,8,-2.2189100090161795,-0.17129487118707878,4.449557262054371e-16,-0.3938301000383244,14.176428352545027,0.5824934140132771
Case2-loop,0.4285367299229881,10,-1.5466556312033026,-1.5273146245583276,2.220446049250313e-16,0.3053180827230597,14.076845181980078,0.21820301353613408
Case2-loop,0.4285367299229881,1,-1.4956335020670264,1.5679200831516202,2.220446049250313e-16,0.36091310714557334,13.973390329491162,0.27797963768771444
Case2-loop,0.4285367299229881,2,-0.7488823526250873,-0.01843096599927836,1.4447945207835812e-15,-8267.705362227376,28.50570552467504,11.329304113791885
Case2-loop,0.4285367299229881,3,-0.26783037321937886,2.203834307728199,1.1102230246251565e-16,-0.45360026130829734,14.067519572047921,0.6154982139641868
Case2-loop,0.4285367299229881,4,-0.0057982881889045304,0.6005697423134807,2.1098518562097003e-15,-8923.285394519333,31.08430689494838,11.533269709919045
Case2-loop,0.4285367299229881,5,0.3300137616882219,-0.7133383689439914,4.599392841359542e-15,-10884.892146535525,30.5189745815174,12.104713756996638
Case2-loop,0.4285367299229881,6,0.8313968095753151,-2.1345443819748655,0.0,-0.7735665543706236,14.487533770200319,0.7608763391876743
Case2-loop,0.4285367299229881,7,1.9331014291432955,0.7830564180589628,4.577566798522237e-16,0.4308853896459791,13.540659433502041,0.28221979966021143
Case2-loop,0.4463936806248546,8,-2.1938277680136844,-0.10429336523531788,0.0,-0.49081264779512057,13.690560332214208,0.6389028209287015
Case2-loop,0.4463936806248546,1,-1.4664526113069094,1.5453355762575072,2.220446049250313e-16,0.4055454433071275,13.478573024926106,0.3143814063021162
Case2-loop,0.4463936806248546,10,-1.420627969180912,-1.5854052855522376,0.0,0.3657980749973506,13.536872965211646,0.27298715132139073
Case2-loop,0.4463936806248546,2,-0.7360479309635319,-0.018843290622500505,3.774759878140155e-15,-6924.632885626913,27.179394063261434,10.838432918574572
Case2-loop,0.4463936806248546,3,-0.2624056292758187,2.17228250146136,4.742874840267547e-16,-0.5092027914467884,13.579906771674647,0.646889498573901
Case2-loop,0.4463936806248546,4,-0.006652481412294882,0.5913612776724395,2.2313487180392536e-15,-7595.819965103357,29.42802017123645,11.078096312826329
Case2-loop,0.4463936806248546,5,0.33668440457565496,-0.6965184129208982,4.324172596470543e-15,-9453.417660931462,28.946139778228794,11.682796254531054
Case2-loop,0.4463936806248546,6,0.8653934933837804,-2.081340745623223,1.1102230246251565e-16,-0.8486966898617152,13.954149991299381,0.7896994774293914
Case2-loop,0.4463936806248546,7,1.902822091109963,0.7365858754313006,2.220446049250313e-16,0.47316212796214185,13.002758539755751,0.3095066749650261
Case2-loop,0.4642513077235088,8,-2.1670302484010504,-0.052749839788223035,1.3877787807814457e-16,-0.5983188537222305,13.21004487608584,0.6933740573788986
Case2-loop,0.4642513077235088,1,-1.4365102445467333,1.522912946150874,2.220446049250313e-16,0.4582121331162239,12.985682951141996,0.3506065188415047
Case2-loop,0.4642513077235088,10,-1.3032446746068924,-1.6240495150969898,2.220446049250313e-16,0.4304496728543761,12.991276593278325,0.3180660463995617
Case2-loop,0.4642513077235088,2,-0.7220607737964889,-0.019200052631606915,6.772715917006734e-15,-5753.474210932475,25.843377168252168,10.348435531216781
Case2-loop,0.4642513077235088,3,-0.25671136341511447,2.1409493022876935,1.1102230246251565e-16,-0.57362507031211,13.095036712389724,0.6805019370375096
Case2-loop,0.4642513077235088,4,-0.007682317237369735,0.5810884255325944,2.7756422635651865e-15,-6401.117274800823,27.77990244010463,10.614466665338307
Case2-loop,0.4642513077235088,5,0.34206780989958163,-0.6785669258322893,5.683864817105457e-15,-8164.656607246955,27.379458959768076,11.259676903141948
Case2-loop,0.4642513077235088,6,0.8974269687312634,-2.0270214881975366,0.0,-0.9344008579670083,13.41857937393761,0.820435282135188
Case2-loop,0.4642513077235088,7,1.8700622017661963,0.6909420126568914,2.482534153247273e-16,0.5221151590441577,12.461750183670604,0.33714701346652937
Case2-loop,0.4821100336849073,8,-2.1399959504580814,-0.012441199143910562,4.441197019893352e-16,-0.7199476370340838,12.7383531330203,0.7475213995849453
Case2-loop,0.4821100336849073,1,-1.4061810944481006,1.5006616493737812,0.0,0.5203280435748043,12.498114921145927,0.3870125522434379
Case2-loop,0.4821100336849073,10,-1.1930596386634529,-1.6476244697191473,3.1401849173675503e-16,0.5018967854683374,12.442565452578615,0.35856962895357014
Case2-loop,0.4821100336849073,2,-0.7066913946629066,-0.01947106548169924,7.0117342645445575e-15,-4738.525030846734,24.503751932966843,9.859403111544582
Case2-loop,0.4821100336849073,3,-0.2509498547659097,2.1101474363161996,1.1102230246251565e-16,-0.6482196092832313,12.61640145500186,0.7163568187816379
Case2-loop,0.4821100336849073,4,-0.008941430012038027,0.5695267965963592,3.452043926641281e-15,-5335.67031292503,26.147308278105797,10.14294899214487
Case2-loop,0.4821100336849073,5,0.34591922825178933,-0.6593547178898068,2.434909185329438e-15,-7015.018240586051,25.824878417460752,10.837556497471436
Case2-loop,0.4821100336849073,6,0.9270425269991793,-1.9718820356698774,3.1401849173675503e-16,-1.0312472733509148,12.882782593605395,0.8528252521099491
Case2-loop,0.4821100336849073,7,1.8350067607931186,0.6458582957482447,1.1102230246251565e-16,0.5790490502233007,11.9199771728928,0.36537370511999295
Case2-loop,0.4999705418238708,8,-2.113877568570739,0.01939402747870547,4.441027621704298e-16,-0.8582715829770602,12.28147252800532,0.8018974828218111
Case2-loop,0.4999705418238708,1,-1.3759837349441513,1.4787845207635264,2.220446049250313e-16,0.5931377232865009,12.021809642869078,0.423678752369277
Case2-loop,0.4999705418238708,10,-1.0892189798302878,-1.6591466388924174,2.220446049250313e-16,0.5822166150463195,11.895548037744664,0.39662930607920455
Case2-loop,0.4999705418238708,2,-0.6896891477780589,-0.019609550395398995,4.665001393311476e-15,-3867.5027274900494,23.172171581516217,9.373055133333978
Case2-loop,0.4999705418238708,3,-0.24541794428047467,2.080382068857061,4.518280359883027e-16,-0.734014899066728,12.149975986026266,0.7542504995182778
Case2-loop,0.4999705418238708,4,-0.010501757072122725,0.5564211283255353,2.6646798154688044e-15,-4397.568479634981,24.543849692831735,9.665735154663006
Case2-loop,0.4999705418238708,5,0.3479389102248585,-0.6387659215728101,8.12987295124954e-15,-6003.19050101316,24.294202147655525,10.420648246461328
Case2-loop,0.4999705418238708,6,0.9536971617452311,-1.9164114099573615,2.482534153247273e-16,-1.1387038132129952,12.350682559598074,0.8862999093759811
Case2-loop,0.4999705418238708,7,1.798032173596371,0.6010698763424036,2.220446049250313e-16,0.6452795913435313,11.382120885769835,0.3942793415169803
Case2-loop,0.5178334991309936,8,-2.0898167173944326,0.04474561493294222,4.445768331151997e-16,-1.0139171414843438,11.84916140744862,0.8561574985462077
Case2-loop,0.5178334991309936,1,-1.3466714319826847,1.457790184445873,2.220446049250313e-16,0.6770949756890032,11.566693821620735,0.4603121268058672
Case2-loop,0.5178334991309936,10,-0.991338812856726,-1.661106586380388,0.0,0.6726403586778933,11.358971956332221,0.43307049778765516
Case2-loop,0.5178334991309936,2,-0.6708305058371883,-0.01954520850147003,1.6720034832013493e-15,-3131.3342073873837,21.86959865385292,8.89398045775192
Case2-loop,0.5178334991309936,3,-0.2405434548652661,2.052441235347487,1.942890293094024e-16,-0.8309888059871762,11.705572283643264,0.7935608725979726
Case2-loop,0.5178334991309936,4,-0.012455047624974538,0.5415233146333073,5.552763949757779e-15,-3586.697874526633,22.993394362997016,9.18800122352752
Case2-loop,0.5178334991309936,5,0.34778804012271025,-0.6167556511469567,3.1791949213824896e-15,-5130.665573707791,22.808982002207802,10.016452939650938
Case2-loop,0.5178334991309936,6,0.9767397363806619,-1.8614147955736235,0.0,-1.2540116623445114,11.829505778355482,0.9197843713989196
Case2-loop,0.5178334991309936,7,1.759874565539552,0.5563715764837637,1.1102230246251565e-16,0.7217147744287689,10.856761205855257,0.4237185229476057
Case2-loop,0.5356996670030886,8,-2.0690851420428924,0.06516617157092804,4.449557262054371e-16,-1.1837800405793604,11.455997748267151,0.9089792194463299
Case2-loop,0.5356996670030886,1,-1.3193181713340036,1.4386083029105623,4.965068306494546e-16,0.770725359345301,11.148003706024275,0.4960875432188986
Case2-loop,0.5356996670030886,10,-0.8995383860454161,-1.656019979803196,1.1102230246251565e-16,0.7726088217586291,10.847320756581668,0.4678183282291143
Case2-loop,0.5356996670030886,2,-0.6500295807734289,-0.019180189468720032,1.0065522759931835e-15,-2523.397663089138,20.630406304095725,8.431163946224324
Case2-loop,0.5356996670030886,3,-0.23690460034661404,2.0274595991096747,5.551115123125783e-17,-0.9368408534372146,11.298032414809892,0.8330006631854913
Case2-loop,0.5356996670030886,4,-0.014904831154458557,0.5246882515762824,1.776370391875708e-15,-2904.191860813031,21.534206541578733,8.719633953726264
Case2-loop,0.5356996670030886,5,0.34515701096008583,-0.5934586899202314,2.942091015256665e-15,-4401.449082211879,21.40469192685391,9.637074640255555
Case2-loop,0.5356996670030886,6,0.995436028040346,-1.8081534689136018,2.220446049250313e-16,-1.3706799013918085,11.331277286924085,0.9514950359480624
Case2-loop,0.5356996670030886,7,1.7218465942098764,0.5117239774165306,1.1102230246251565e-16,0.8079858248872512,10.35806457114859,0.45315236592189106
Case2-loop,0.5535690813504279,8,-2.053009746314722,0.08194923926439275,1.3877787807814457e-17,-1.3591998246129873,11.120432173293764,0.958094472399829
Case2-loop,0.5535690813504279,1,-1.295278049852675,1.4225790804042961,2.220446049250313e-16,0.8692838632034339,10.785602913279192,0.5295676692809428
Case2-loop,0.5535690813504279,10,-0.8144073249875526,-1.6467835331561689,2.482534153247273e-16,0.8784183963042704,10.380905752948113,0.5000143535558417
Case2-loop,0.5535690813504279,2,-0.6275050680266608,-0.018398275696758518,3.774987872497668e-15,-2037.262401870294,19.50244771805597,7.998467529572796
Case2-loop,0.5535690813504279,3,-0.23517534407722568,2.0068201656873885,4.449557262054371e-16,-1.0457185732476622,10.94643624714044,0.8705013774688262
Case2-loop,0.5535690813504279,4,-0.017939387766527322,0.5060307640191853,5.240077914627445e-15,-2349.9528512648844,20.218298788835092,8.275939964033254
Case2-loop,0.5535690813504279,5,0.33991474942311173,-0.5693217488484594,1.5895974606912448e-15,-3819.363538268683,20.130527708312858,9.299026882210681
Case2-loop,0.5535690813504279,6,1.0091150234727277,-1.7583580001147268,0.0,-1.4776361096986084,10.872919413611442,0.9789493450625589
Case2-loop,0.5535690813504279,7,1.68594139624767,0.46736698565516416,5.551115123125783e-17,0.9012356311284431,9.905766942777657,0.4815264260323721
Case2-loop,0.5714393592021408,8,-2.0426045063468035,0.096213070263131,0.0,-1.526591975082598,10.859564788677861,1.0008836087448063
Case2-loop,0.5714393592021408,1,-1.2758436049214221,1.4111203411283681,0.0,0.9646529815437752,10.49867362959981,0.5589936730777219
Case2-loop,0.5714393592021408,10,-0.7365991341237298,-1.6365970198152497,0.0,0.9827253699452033,9.981094550097096,0.5283123470277893
Case2-loop,0.5714393592021408,2,-0.6038709950710441,-0.017096076539636094,1.457167719820518e-16,-1662.6569282074747,18.535750985256094,7.611471111956739
Case2-loop,0.5714393592021408,3,-0.2359452141509023,1.99174111645721,8.326672684688674e-17,-1.148504912986184,10.668880548661237,0.9036011272461841
Case2-loop,0.5714393592021408,4,-0.021591340904911837,0.4860337115508895,9.565171494245719e-16,-1917.8584248167501,19.098181247711278,7.874505845650628
Case2-loop,0.5714393592021408,5,0.33228094743613773,-0.5451157442853322,2.240478477256787e-15,-3382.103310095103,19.0371657710134,9.01910910620902
Case2-loop,0.5714393592021408,6,1.0174631271507784,-1.713855027929402,2.220446049250313e-16,-1.5612226734256023,10.47227740832873,0.9995308788703553
Case2-loop,0.5714393592021408,7,1.6544872115163964,0.42377551537113833,1.1102230246251565e-16,0.9955891211767467,9.52041981191946,0.5074174877529528
Case2-loop,0.5893072206437232,8,-2.0381374291645376,0.10891017418699815,1.3877787807814457e-17,-1.672300085188078,10.68163107948389,1.0355021338956956
Case2-loop,0.5893072206437232,1,-1.2617075130176874,1.4051519972553908,2.220446049250313e-16,1.0479022187366216,10.297523665370365,0.5829920578327461
Case2-loop,0.5893072206437232,10,-0.6660712486768761,-1.6283146124987107,2.220446049250313e-16,1.076470806156004,9.66147469973474,0.5515017953206802
Case2-loop,0.5893072206437232,2,-0.5799537427853731,-0.015218730668353945,1.2223536672820063e-15,-1382.6571781225994,17.761866904756687,7.28071415064046
Case2-loop,0.5893072206437232,3,-0.2395079281636172,1.982728988425699,0.0,-1.2359051903116154,10.4746649948344,0.9303758991568033
Case2-loop,0.5893072206437232,4,-0.02582220157753818,0.4654176432093441,2.8177377798042847e-16,-1592.2710705119664,18.204137862519175,7.528004665849724
Case2-loop,0.5893072206437232,5,0.3228305299898472,-0.5216821012840882,1.900395703982448e-15,-3076.2067196131047,18.154955052595714,8.807338451916056
Case2-loop,0.5893072206437232,6,1.020751548849712,-1.6758529277553076,3.1401849173675503e-16,-1.6104444328735894,10.140689641132397,1.0114792497079959
Case2-loop,0.5893072206437232,7,1.6293063317190821,0.38133028087240395,2.2887833992611187e-16,1.0836722782905521,9.21480372907589,0.5295528294247818
Case2-loop,0.607171169679016,8,-2.0391109238997087,0.12079794723130932,4.47545209131181e-16,-1.788022814641473,10.583527597221119,1.0615710867039958
Case2-loop,0.607171169679016,1,-1.2527394045522515,1.4048019210889138,2.220446049250313e-16,1.1127746196362656,10.18035086000655,0.601095087206996
Case2-loop,0.607171169679016,10,-0.6016744974279747,-1.6237726829579757,1.1102230246251565e-16,1.1520899825838131,9.423076240557306,0.5690032025377679
Case2-loop,0.607171169679016,2,-0.5564362634857681,-0.012763689988046965,4.780132445283044e-15,-1176.0150742549902,17.18296560925038,7.007398783253276
Case2-loop,0.607171169679016,3,-0.24583166299304735,1.9794394131021578,3.3422138886441676e-16,-1.3020553714835104,10.36143056871633,0.9501136715881408
Case2-loop,0.607171169679016,4,-0.030556842216928896,0.44482833183027304,6.455875440461582e-16,-1350.818014509312,17.5334647635301,7.239288792965148
Case2-loop,0.607171169679016,5,0.3122608923659881,-0.4995938034729661,1.2412670766236366e-15,-2879.4671827417196,17.48292764195974,8.663527806530086
Case2-loop,0.607171169679016,6,1.019701176024175,-1.6445476166407569,2.220446049250313e-16,-1.6210602335735884,9.878979028892726,1.0144006213897163
Case2-loop,0.607171169679016,7,1.6110926962384895,0.33997050055563155,2.2887833992611187e-16,1.1593187586965001,8.989450722650039,0.5472782903970064
Case2-loop,0.6250317476154058,8,-2.0446589223391674,0.13243155959815237,2.498001805406602e-16,-1.871920602026025,10.555299695001814,1.0798627888090397
Case2-loop,0.6250317476154058,1,-1.24826201907562,1.4096279224047346,3.1401849173675503e-16,1.1569201743293063,10.137574337173103,0.613621384142361
Case2-loop,0.6250317476154058,10,-0.541463721098965,-1.6237194203488796,2.220446049250313e-16,1.2050612090903454,9.257768459961714,0.5808257245274285
Case2-loop,0.6250317476154058,2,-0.5336707333934285,-0.009752745146801802,4.581805028629511e-16,-1022.4116074081861,16.780099256779234,6.785365154010041
Case2-loop,0.6250317476154058,3,-0.2547195583102963,1.9810414366601643,2.7755575615628914e-16,-1.3453801995860946,10.319529947653198,0.9631465933757142
Case2-loop,0.6250317476154058,4,-0.035731133533653814,0.4246438196674386,4.002966042486721e-16,-1170.9914138957793,17.06094050927894,7.003134628616924
Case2-loop,0.6250317476154058,5,0.30114808501085666,-0.4790516138686188,8.688869536365456e-16,-2768.5624000878465,16.998159492986485,8.580380469449588
Case2-loop,0.6250317476154058,6,1.0151074952099448,-1.6194056222373057,2.220446049250313e-16,-1.59498489001507,9.680382958566542,1.008881532244282
Case2-loop,0.6250317476154058,7,1.5995444537541283,0.299167396747259,5.551115123125783e-17,1.2189625225880274,8.836116769229873,0.560554942904804
Case2-loop,0.6428901048501825,8,-2.0539266364309077,0.14420016836931568,2.220446049250313e-16,-1.9262845736406184,10.585764657847538,1.0915985273576219
Case2-loop,0.6428901048501825,1,-1.2474437555596418,1.4189978567524917,2.220446049250313e-16,1.180857721218272,10.157784340818228,0.6212477792511092
Case2-loop,0.6428901048501825,2,-0.5117285680982911,-0.006204036739290618,1.889533561266819e-15,-905.6723991236911,16.527530471693517,6.605547011603731
Case2-loop,0.6428901048501825,10,-0.4832208709790543,-1.6281809998180918,1.6653345369377348e-16,1.2333485333160272,9.154326000236718,0.5872269976121158
Case2-loop,0.6428901048501825,3,-0.2659735940923939,1.9866347703314544,0.0,-1.367140371779645,10.337783782076148,0.9702837009910267
Case2-loop,0.6428901048501825,4,-0.04131395160845907,0.4049923975703219,6.679023307106313e-16,-1034.4578372762871,16.755107643356933,6.8108739230279
Case2-loop,0.6428901048501825,5,0.2898677924051997,-0.46000085133460783,3.2225167587052165e-15,-2724.510885907554,16.671171431002104,8.548425735194401
Case2-loop,0.6428901048501825,6,1.0075639676844907,-1.5996780446659533,3.1401849173675503e-16,-1.5372130736186134,9.535729035520799,0.9958177743678097
Case2-loop,0.6428901048501825,7,1.5938629634277834,0.258119956746773,2.2887833992611187e-16,1.2612505666777871,8.743731962086878,0.569667272561453
Case2-loop,0.6607471587041055,8,-2.066231954892233,0.15637999354982698,3.608224830031759e-16,-1.9550264769352408,10.665458122902232,1.097978426958238
Case2-loop,0.6607471587041055,1,-1.2495215620213427,1.4323262193427853,0.0,1.1865119795898964,10.23104205660513,0.6246896108540259
Case2-loop,0.6607471587041055,2,-0.4905209302909034,-0.002118149727732437,1.240119904843817e-15,-814.0518617892652,16.401582448404945,6.45892843777841
Case2-loop,0.6607471587041055,10,-0.42473379296543995,-1.636821058016793,0.0,1.2362242853280057,9.102218374258173,0.5884248201764759
Case2-loop,0.6607471587041055,3,-0.2794708735150048,1.995455043267517,3.1401849173675503e-16,-1.3697800640109958,10.406593479318971,0.972389707056852
Case2-loop,0.6607471587041055,4,-0.047307402094951205,0.385848232607306,4.544313350627588e-16,-927.7710476773536,16.587840668518105,6.653617082965367
Case2-loop,0.6607471587041055,5,0.27863108807224446,-0.4422753792650692,1.047382306668854e-15,-2733.948656565995,16.47520756741198,8.558960460161646
Case2-loop,0.6607471587041055,6,0.9973639360827842,-1.5847317571177166,0.0,-1.453352219790716,9.436640802627638,0.9759810444152079
Case2-loop,0.6607471587041055,7,1.5931257142597839,0.21592823631705504,0.0,1.2861060904470616,8.702058868409658,0.5749709403605641
Case2-loop,0.6786034752957929,8,-2.0810803072115083,0.16917939123934453,3.608224830031759e-16,-1.9622400131054527,10.787331631189382,1.1000054117211608
Case2-loop,0.6786034752957929,1,-1.2538643378413166,1.449157423009425,2.220446049250313e-16,1.1762460099109608,10.349781358972937,0.6245625266717105
Case2-loop,0.6786034752957929,2,-0.4698852260675329,0.0025269062693171556,7.779892720681228e-16,-739.2174869579221,16.383585577086606,6.337580919336775
Case2-loop,0.6786034752957929,10,-0.3638137119205555,-1.6491340109327417,4.440892098500626e-16,1.2133613656981876,9.092891663696852,0.5844297183106676
Case2-loop,0.6786034752957929,3,-0.2951790746334983,2.006913264548517,5.551115123125783e-17,-1.3559418432862085,10.518741236692964,0.9702029606096343
Case2-loop,0.6786034752957929,4,-0.05374148694110881,0.36710731903198623,1.1116099371267112e-15,-841.3852348221875,16.537237979355726,6.5234825671521826
Case2-loop,0.6786034752957929,5,0.2675431029475509,-0.4256840451320844,7.301351988545593e-16,-2788.2763865408883,16.38916884635209,8.604966856903241
Case2-loop,0.6786034752957929,6,0.9844781093347312,-1.5741797779022033,2.220446049250313e-16,-1.348430495009382,9.37660004166745,0.949836484031719
Case2-loop,0.6786034752957929,7,1.5964437889338745,0.17167173608421002,1.3877787807814457e-16,1.2940235064238632,8.702901335600432,0.5767666714692321
Case2-loop,0.6964593741605952,8,-2.0981296580072453,0.18276977162262317,4.440892098500626e-16,-1.9516150630394347,10.946512186452512,1.0984637448386672
Case2-loop,0.6964593741605952,1,-1.2599629729885475,1.4691740313574373,3.1401849173675503e-16,1.15238779413234,10.508653246936886,0.6213491027855181
Case2-loop,0.6964593741605952,2,-0.44962675415661046,0.007778933260201228,8.963238310378921e-16,-675.1115971463903,16.459949292418113,6.2346653789721795
Case2-loop,0.6964593741605952,3,-0.3131509317981055,2.0205693639160454,4.965068306494546e-16,-1.3280404978346179,10.669195606276386,0.9642910316747036
Case2-loop,0.6964593741605952,10,-0.2981590274289424,-1.6645018671980099,2.482534153247273e-16,1.164263932225265,9.119810036002812,0.5749236805035903
Case2-loop,0.6964593741605952,4,-0.06067116228139815,0.3486274734895176,5.27766632335736e-16,-768.4236797370604,16.58740989114101,6.413717756958059
Case2-loop,0.6964593741605952,5,0.25664757925671544,-0.4100476143203042,2.9893669801409083e-16,-2882.407982044265,16.397526533186483,8.681069537697926
Case2-loop,0.6964593741605952,6,0.968512083489421,-1.5679243822766538,2.220446049250313e-16,-1.2264716391004054,9.350967034906493,0.9174593985118907
Case2-loop,0.6964593741605952,7,1.6029910345956557,0.12442415489704972,2.482534153247273e-16,1.285691782799504,8.740123724851983,0.5752560973463705
Case2-loop,0.7143150317647551,8,-2.1171508984780703,0.19730532139797424,3.3306690738754696e-16,-1.9262838195105862,11.139856335589052,1.0939503936799544
Case2-loop,0.7143150317647551,1,-1.2673991197708847,1.4921818891567165,0.0,1.1170416218825692,10.7041039361346,0.6154053153711532
Case2-loop,0.7143150317647551,2,-0.4295308410365734,0.013717267002610747,5.928695066478145e-16,-617.049742734822,16.621365000919273,6.144030213842904
Case2-loop,0.7143150317647551,3,-0.33351730643218547,2.0360924935304143,5.551115123125783e-17,-1.2881299710030958,10.854681530623056,0.9550585386120656
Case2-loop,0.7143150317647551,10,-0.22510313766259968,-1.682159202545519,2.7755575615628914e-17,1.0878424573318641,9.17810682502775,0.5590861838279211
Case2-loop,0.7143150317647551,4,-0.06817779464095737,0.3302429619916766,9.012017851447574e-16,-703.6847956626341,16.7274068408429,6.318388855981632
Case2-loop,0.7143150317647551,5,0.2459542621574721,-0.3952099518201507,9.006673595595123e-16,-3013.741130769277,16.48936147534214,8.783208960914079
Case2-loop,0.7143150317647551,6,0.9485743157618531,-1.5661997130136236,4.965068306494546e-16,-1.0903209498586792,9.356692447990236,0.8784207782142021
Case2-loop,0.7143150317647551,7,1.611978963842865,0.07324042213088303,2.7755575615628914e-17,1.261835765156434,8.809311256801445,0.5705322997614055
Case2-loop,0.7321705463381732,8,-2.13799635683513,0.21293567144551082,3.608224830031759e-16,-1.8888413676800209,11.36555405277644,1.0869152485441473
Case2-loop,0.7321705463381732,1,-1.2758120106364652,1.5180937363909597,2.220446049250313e-16,1.0720323438661417,10.93397767952197,0.6069758286044082
Case2-loop,0.7321705463381732,2,-0.40935667302022777,0.020464426639539277,4.997930709674e-16,-561.0530527526317,16.861950222631997,6.059635470464967
Case2-loop,0.7321705463381732,3,-0.3564852632010944,2.0532251264618395,1.1102230246251565e-16,-1.2378933807345975,11.073287446504857,0.9427665411170898
Case2-loop,0.7321705463381732,10,-0.14116927560113943,-1.7010676278768235,2.618455766672135e-16,0.9818756050920823,9.264187416767204,0.5352121545478146
Case2-loop,0.7321705463381732,4,-0.07637588096463699,0.3117633217443296,2.7755575615628914e-16,-642.9196374979833,16.950154579213994,6.231921849747127
Case2-loop,0.7321705463381732,5,0.23545440947353663,-0.3810385077339622,9.43689570931383e-16,-3181.425834996949,16.657376389664563,8.908296018849436
Case2-loop,0.7321705463381732,6,0.9229447416521789,-1.5696783840638637,2.482534153247273e-16,-0.9413528675836416,9.392020653335141,0.831494189043376
Case2-loop,0.7321705463381732,7,1.6226114003095042,0.0171353077822847,4.447527879066319e-16,1.2231790650373409,8.907406263487875,0.5625803042681783
Case2-loop,0.7500259737075397,8,-2.1605773126659025,0.22981453851177291,2.7755575615628914e-17,-1.8414217961807688,11.622835543750519,1.0776961475106772
Case2-loop,0.7500259737075397,1,-1.284867439131177,1.5469183378471858,3.1401849173675503e-16,1.018902771021188,11.19721398580342,0.5962061673539114
Case2-loop,0.7500259737075397,2,-0.38881496534518134,0.028209472767303272,8.431898220642257e-16,-503.3202729729521,17.178566979386822,5.974779320976307
Case2-loop,0.7500259737075397,3,-0.38234298137744466,2.0717533520375633,4.577566798522237e-16,-1.17867399575623,11.324170953247721,0.9275479530333693
Case2-loop,0.7500259737075397,4,-0.0854271969556786,0.2929596478668858,9.09180472805593e-16,-582.3013461894091,17.25162382529364,6.148547475680142
Case2-loop,0.7500259737075397,10,-0.0411200281954585,-1.719619846065758,4.163336342344337e-17,0.8418684337169469,9.375371073935721,0.4996763489259023
Case2-loop,0.7500259737075397,5,0.22512922662078821,-0.3674211264397921,1.117140368961273e-15,-3385.8535703501952,16.897113467527767,9.05391780204309
Case2-loop,0.7500259737075397,6,0.8882294822602423,-1.579749318339642,0.0,-0.7785512432166051,9.456281654251127,0.7738072283365163
Case2-loop,0.7500259737075397,7,1.6340296292392034,-0.04493722977351855,1.1102230246251565e-16,1.1704778507818883,9.032416563655161,0.5512776784052544
Case2-loop,0.7678813464260398,8,-2.184848517957382,0.2481062297977052,4.965068306494546e-16,-1.7857822833656196,11.911771948635849,1.066546068224186
Case2-loop,0.7678813464260398,1,-1.2942273236790842,1.5787572136922638,2.220446049250313e-16,0.9589264687237697,11.493636831663022,0.5831471815584104
Case2-loop,0.7678813464260398,3,-0.41147275810208384,2.091481158868648,4.440892098500626e-16,-1.11151147266589,11.60735762016235,0.9094131528305703
Case2-loop,0.7678813464260398,11,-0.41054655275215207,0.3436284565341599,9.155133597044475e-16,-99.71478856442026,17.38862283675156,4.528767581709846
Case2-loop,0.7678813464260398,2,-0.3675201708715637,0.03725717444214562,2.7833528704240246e-16,-439.72821928605657,17.570342760378804,5.8808739450361935
Case2-loop,0.7678813464260398,12,-0.34268644502844253,0.2657874061923438,3.925231146709438e-16,76.70486981036461,17.37249435962424,2.917640175814757
Case2-loop,0.7678813464260398,4,-0.09556794759084669,0.27353455468705357,1.3608726004012153e-15,-518.0072645558604,17.63024313034376,6.061578420717319
Case2-loop,0.7678813464260398,10,0.08475261781643764,-1.734822361790922,1.3877787807814457e-16,0.6575572775300725,9.509538950994422,0.44321914214197833
Case2-loop,0.7678813464260398,5,0.21495426424169178,-0.3542619917537709,1.7641719842832142e-15,-3628.2717306952586,17.206395174309613,9.218095591212519
Case2-loop,0.7678813464260398,6,0.8367541212721232,-1.5993307715809593,1.1102230246251565e-16,-0.5952289537488427,9.549824246518195,0.6978024735027885
Case2-loop,0.7678813464260398,7,1.645249005982587,-0.11409716182529477,4.163336342344337e-17,1.1046090053380468,9.183207783504594,0.5363930181055988
Case2-loop,0.7857366839921652,8,-2.210797622340672,0.26799114953067643,4.440892098500626e-16,-1.7233787475690252,12.233149172384337,1.0536533538262725
Case2-loop,0.7857366839921652,1,-1.303515739202271,1.613810302819742,2.220446049250313e-16,0.893117577829152,11.823817324686594,0.5677485832102915
Case2-loop,0.7857366839921652,3,-0.4443745759578573,2.1122050539312194,4.577566798522237e-16,-1.037167591015111,11.92361365543442,0.8882420026328661
Case2-loop,0.7857366839921652,11,-0.4389436035731205,0.37657075320840494,6.684427777288335e-16,-231.36209610924243,18.075097524216723,5.034081479861742
Case2-loop,0.7857366839921652,2,-0.3448820080069669,0.0481451091941365,3.331391796911832e-16,-365.2042359334561,18.038369664057917,5.765013534597079
Case2-loop,0.7857366839921652,12,-0.30114323796523024,0.217541400414044,2.2136702894737697e-15,122.0348798768802,17.933269995406597,3.1724364993684686
Case2-loop,0.7857366839921652,4,-0.10716265120776536,0.2530602018713634,2.0539125955565396e-15,-445.87126730396756,18.08650768065681,5.962339716146089
Case2-loop,0.7857366839921652,5,0.20490148460583857,-0.341477666734201,2.220446049250313e-15,-3910.436523290246,17.584950346157104,9.399076045735912
Case2-loop,0.7857366839921652,10,0.2636718716437759,-1.7386670856839705,0.0,0.3948732302950023,9.66456193814145,0.3256799633620286
Case2-loop,0.7857366839921652,6,0.743627501658422,-1.6365211657139374,0.0,-0.3612308938977473,9.674290699695383,0.5725406433585447
Case2-loop,0.7857366839921652,7,1.6550853127982104,-0.19153308951666748,2.220446049250313e-16,1.0267208395543497,9.359369407756816,0.5175857711197673
Case2-loop,0.8035919983955813,8,-2.2384378943453966,0.2896710154756458,5.551115123125783e-17,-1.655429080194906,12.588396738555794,1.0391565462505892
Case2-loop,0.8035919983955813,1,-1.3122746910054999,1.6523931975521207,2.220446049250313e-16,0.8222259125838152,12.188992094410018,0.5498361189269356
Case2-loop,0.8035919983955813,3,-0.4817054708879306,2.13368411491455,4.440892098500626e-16,-0.956131859525915,12.27437504690887,0.8637561576984625
Case2-loop,0.8035919983955813,11,-0.4540912586570029,0.3943280868810513,1.6136471996107275e-15,-337.89895535444487,18.879291078019012,5.364416598983942
Case2-loop,0.8035919983955813,2,-0.31979937763572847,0.06199397596197898,4.807907461412688e-16,-272.5515833744085,18.585564066833616,5.603588481263513
Case2-loop,0.8035919983955813,12,-0.27366819320621916,0.18359350989761228,8.989550626504553e-16,119.38853763902348,18.541066004118484,3.2288097606625468
Case2-loop,0.8035919983955813,4,-0.12082070137282853,0.23083672748905495,1.5011122659325205e-16,-361.1722140108252,18.622728478257518,5.838472119725405
Case2-loop,0.8035919983955813,5,0.19493988954744706,-0.3289934224137686,1.2225062931717345e-15,-4234.218698808596,18.034183375735218,9.595131051860871
Case2-loop,0.8035919983955813,7,1.6620724454001048,-0.278454983424864,5.551115123125783e-17,0.9384783531786417,9.561143661247211,0.49442051384697233
Case2-loop,0.8214472971941729,8,-2.2678031124602764,0.31337426074842145,0.0,-1.5829645040627724,12.979558886793024,1.0231552652440592
Case2-loop,0.8214472971941729,1,-1.3198977105670275,1.6949719816385669,2.220446049250313e-16,0.7467036998914378,12.591024169357672,0.5290601702491495
Case2-loop,0.8214472971941729,3,-0.5243455980520173,2.1555977463642035,0.0,-0.8685948801515482,12.66172098240574,0.8354582146643527
Case2-loop,0.8214472971941729,11,-0.46449405587503373,0.40662620463126536,4.002966042486721e-16,-444.39012999626664,19.80196896481198,5.651437131492289
Case2-loop,0.8214472971941729,2,-0.28928877662720864,0.08221199053252748,1.1102230246251565e-16,-147.9811597295684,19.21675965254341,5.33469526471753
Case2-loop,0.8214472971941729,12,-0.25351634950178575,0.15208964885017112,4.775249788392736e-16,83.81458770312295,19.20770301377811,4.091534734693356
Case2-loop,0.8214472971941729,4,-0.1376755721199443,0.20550619790826777,1.1986424564952127e-15,-259.187752583396,19.242850360486553,5.6719731156276785
Case2-loop,0.8214472971941729,5,0.18503511550118798,-0.3167397264104906,2.3948735612522823e-15,-4601.059443815354,18.557052903569062,9.804337433874643
Case2-loop,0.8214472971941729,7,1.6643882787253583,-0.3759525131463233,5.551115123125783e-17,0.8424636912677341,9.789412562316931,0.46643296491167685
Case2-loop,0.8393025852638434,8,-2.298943850678682,0.33936197796722795,5.551115123125783e-17,-1.5068709651494103,13.409299952498749,1.0057182651977263
Case2-loop,0.8393025852638434,1,-1.3255169586264604,1.7422294537360814,2.220446049250313e-16,0.6666178390953856,13.032397303262838,0.5047860176858738
Case2-loop,0.8393025852638434,3,-0.5735147446908156,2.1774762324396137,0.0,-0.7743643773544537,13.08838449218274,0.8025057540219903
Case2-loop,0.8393025852638434,11,-0.4722442440374847,0.415860081797525,1.0007415106216803e-15,-559.2593703387436,20.8509420854072,5.924803914169674
Case2-loop,0.8393025852638434,4,-0.15990182728101118,0.17377217073824924,8.568339948907339e-16,-142.2720516060419,19.95210555360916,5.452517160708867
Case2-loop,0.8393025852638434,5,0.17514807077727776,-0.30464857997405775,1.608147608064378e-15,-5011.129190075224,19.158035756938496,10.024298372279011
Case2-loop,0.8393025852638434,7,1.6598526684654253,-0.4846470964263533,5.551115123125783e-17,0.7428176131609068,10.045747659665102,0.4333465312573331
Case2-loop,0.8571578658184285,8,-2.331924613120253,0.36793470827571967,4.440892098500626e-16,-1.4279226492701562,13.880939887174165,0.9868895265534223
Case2-loop,0.8571578658184285,1,-1.3277864428860187,1.7951964699883487,2.220446049250313e-16,0.5814439327155592,13.516237569065616,0.4758449725098548
Case2-loop,0.8571578658184285,3,-0.6309965069874096,2.1985697034612013,0.0,-0.6726608028954155,13.557798013873711,0.763436633024988
Case2-loop,0.8571578658184285,11,-0.47825863988828743,0.4230813780414062,3.760445189557859e-15,-688.3979287194397,22.038183645323365,6.197188533062584
Case2-loop,0.8571578658184285,4,-0.18066541237867392,0.13274662520843197,6.437857749532317e-16,-96.82286222203476,20.75441657061189,5.456362773584725
Case2-loop,0.8571578658184285,5,0.16523238442160357,-0.292649190986381,1.224080674111502e-15,-5461.952485704077,19.843158300775855,10.251747467303941
Case2-loop,0.8571578658184285,7,1.6461842699210485,-0.6039321179122175,2.220446049250313e-16,0.6461560478893116,10.332537462429432,0.3956711224699885
Case2-loop,0.8750131410185004,8,-2.366821413715411,0.39944035668338934,5.551115123125783e-17,-1.3468095126588056,14.39851881954856,0.9666930418941585
Case2-loop,0.8750131410185004,1,-1.3244003400597415,1.8555436520381865,0.0,0.48955592747112675,14.046356677945829,0.43988572882018456
Case2-loop,0.8750131410185004,3,-0.6996313043389022,2.217560015498095,0.0,-0.5616067422803452,14.074177106661134,0.7154885056916691
Case2-loop,0.8750131410185004,11,-0.4830374722417609,0.42886540538408996,2.3616716789057356e-15,-837.4347132708235,23.379443435274652,6.475761847476017
Case2-loop,0.8750131410185004,4,-0.17357606404116402,0.10312830010835397,8.715427528620302e-16,-226.50291151068615,21.646607911858062,5.9732651718905165
Case2-loop,0.8750131410185004,5,0.15523000921429853,-0.2806621039866222,3.2695078472649235e-15,-5946.0898541161705,20.620079196274435,10.481931327017502
Case2-loop,0.8750131410185004,7,1.6219261526464133,-0.7305973105862514,2.482534153247273e-16,0.5623738593389862,10.653211218342356,0.35604228553943607
Case2-loop,0.8928684123431692,8,-2.403719478770645,0.4342835057061376,4.440892098500626e-16,-1.2641604366860255,14.966892169604197,0.9451368426771761
Case2-loop,0.8928684123431692,1,-1.3107676309127398,1.926375008896532,2.220446049250313e-16,0.38671747328952444,14.627306348442453,0.3912124806794717
Case2-loop,0.8928684123431692,3,-0.784657505389034,2.231774101132886,0.0,-0.43671640550417434,14.642656031721257,0.6524894811109517
Case2-loop,0.8928684123431692,11,-0.4868891081452369,0.4335678410135431,1.0007415106216803e-15,-1012.6373398047455,24.89449607339038,6.76545577381768
Case2-loop,0.8928684123431692,4,-0.15838998884046593,0.08019657893627885,4.236704743275018e-16,-454.45532367876905,22.631610776497194,6.583705532891251
Case2-loop,0.8928684123431692,5,0.14506350953048547,-0.2685901106785966,2.0539125955565396e-15,-6447.128786017458,21.498201723892667,10.707566502119532
Case2-loop,0.8928684123431692,7,1.5884139014177807,-0.8573643357964145,2.220446049250313e-16,0.5036161880934242,11.012541057248825,0.3209524950438588
Case2-loop,0.9107236808222682,8,-2.4427107957608594,0.47293637919042714,1.1102230246251565e-16,-1.1805633752453728,15.591860348263985,0.9222167790416145
Case2-loop,0.9107236808222682,1,-1.274590182331852,2.015435400683033,2.220446049250313e-16,0.2595318579661057,15.264399969775472,0.3088718693550927
Case2-loop,0.9107236808222682,3,-0.8991543474469356,2.2339873556992336,4.965068306494546e-16,-0.2843420562472587,15.269527215324313,0.5546889395028355
Case2-loop,0.9107236808222682,11,-0.4900191813686058,0.43742656954867526,7.947987303456224e-16,-1221.5435893589363,26.607738761453852,7.070228478305097
Case2-loop,0.9107236808222682,4,-0.1416602498674538,0.05904330281803837,2.2215299868541707e-16,-809.1147785531855,23.7176697568306,7.252770223519089
Case2-loop,0.9107236808222682,5,0.1346217042452161,-0.2563023548381736,3.2307537706549324e-15,-6932.527889541341,22.488771622553724,10.916926626210266
Case2-loop,0.9107236808222682,7,1.5515223846046065,-0.9739781013743124,0.0,0.47873635928345903,11.416876991722681,0.2993752851879943
Case2-loop,0.9285789471838538,8,-2.483891263444382,0.5159516452793496,1.1102230246251565e-16,-1.0965836938626379,16.280339829195427,0.8979206181573856
Case2-loop,0.9285789471838538,11,-0.4925725828087958,0.44060969266676814,1.6250646570963809e-15,-1473.6069817307502,28.549096150993044,7.393667812381465
Case2-loop,0.9285789471838538,4,-0.12419470003888082,0.038331906663596295,4.667663494284973e-16,-1372.4696425928782,24.91274393660796,8.009220127987243
Case2-loop,0.9285789471838538,5,0.12373039621509026,-0.24360293950603257,2.7791980933292626e-15,-7340.2281387412595,23.604851578588455,11.089968630305604
Case2-loop,0.9285789471838538,7,1.519608855099974,-1.072923453988456,2.220446049250313e-16,0.4861634343725727,11.874075488651675,0.2950911710376035
Case2-loop,0.94643421195015,8,-2.527357247397669,0.5639770863992688,4.440892098500626e-16,-1.0127818060531337,17.040585713488227,0.8722331861263852
Case2-loop,0.94643421195015,11,-0.4946556759622105,0.4432409522406329,8.196123257993793e-16,-1780.9958034605636,30.755270339333624,7.739335614567464
Case2-loop,0.94643421195015,4,-0.10582349621292622,0.01720707334435639,1.9583944771967913e-15,-2317.4401903442,26.221312225088255,8.905582121310594
Case2-loop,0.94643421195015,5,0.11208440568569666,-0.23015940853053693,1.8041124150158794e-15,-7551.603287894151,24.860866879694594,11.189345716768353
Case2-loop,0.94643421195015,7,1.4985078458426213,-1.1538822328062777,2.220446049250313e-16,0.5151300033341293,12.39319041188254,0.3029210048665232
Case2-loop,0.9642894755006897,8,-2.5732014669928347,0.6177718051485066,4.577566798522237e-16,-0.9297311801995215,17.882480248812627,0.8451435824868201
Case2-loop,0.9642894755006897,11,-0.4963490829211242,0.44541437941380474,2.3876248941963683e-15,-2159.670744889851,33.27142496452916,8.111003736072934
Case2-loop,0.9642894755006897,4,-0.08575661594430428,-0.005469585871771492,8.637847349688627e-16,-4079.503768445925,27.635950525179382,10.05125859507298
Case2-loop,0.9642894755006897,5,0.09905521710893431,-0.21530384664115046,1.7505826822829505e-15,-7328.806200642066,26.27071482091265,11.134725483871254
Case2-loop,0.9642894755006897,7,1.4899020608782758,-1.2214171378635026,2.220446049250313e-16,0.5537528284072888,12.984374573402604,0.31539319146225764
Case2-loop,0.9821447381147084,8,-2.621508444865832,0.6782228994723106,4.440892098500626e-16,-0.8480377774784524,18.817907693578338,0.8166560010473566
Case2-loop,0.9821447381147084,11,-0.4977155316283713,0.44720329743511844,3.367930670376554e-15,-2630.9011847808492,36.15344529619166,8.512849253597873
Case2-loop,0.9821447381147084,4,-0.061657985569683105,-0.03239496568979839,6.638530857986646e-16,-8315.086747427953,29.10393361825631,11.788020376215457
Case2-loop,0.9821447381147084,5,0.08291672223537233,-0.19725462274485883,6.684427777288335e-16,-6122.827950392699,27.83997489708128,10.695656631689573
Case2-loop,0.9821447381147084,7,1.4932300150151356,-1.28084525508505,3.1401849173675503e-16,0.5936570908506769,13.659177916600274,0.32786124373347614
Case2-loop,1.0,8,-2.672350457426498,0.7463601209221988,4.440892098500626e-16,-0.7683618838622044,19.86124428445506,0.7868064546320417
Case2-loop,1.0,11,-0.4988049231679117,0.4486661438180557,6.658793400583975e-15,-3223.4557561057845,39.47098610462754,8.94964538636817
Case2-loop,1.0,4,-0.013415788563666025,-0.08555878276038646,2.21090898329492e-15,-102292.85501861299,30.092729064605667,21.454372836640765
Case2-loop,1.0,5,0.05129208268982181,-0.1650485949076438,1.6932180791213662e-15,-1670.2077327870434,29.507363445478074,7.948677630431398
Case2-loop,1.0,7,1.5074666648493242,-1.3364667632225844,2.220446049250313e-16,0.6300144478590317,14.431090877117846,0.33837484595881745
